time,pred_log_train,pred_diff_sin_train,pred_f2_train,read_f2,,Error,My Error,IF,
19-03-19 0:00,45024.78065,24.57268519,45000.20796,47888.03371,,-2863.253066,-2887.825752,0,0
19-03-19 0:00,45673.98445,32.11158123,45641.87287,47700.88233,,-2026.897874,-2059.009456,0,0
19-03-19 0:00,46134.60188,39.61695874,46094.98492,47790.09465,,-1655.492768,-1695.109727,0,0
19-03-19 0:00,46491.88451,47.08670658,46444.79781,47808.40238,,-1316.517866,-1363.604573,0,0
19-03-19 0:00,46783.80568,54.51872364,46729.28696,47810.51741,,-1026.711728,-1081.230451,0,0
19-03-19 0:01,47030.62151,61.91091944,46968.71059,47835.75812,,-805.1366071,-867.0475266,0,0
19-03-19 0:01,47244.42311,69.26121467,47175.1619,47806.93848,,-562.5153689,-631.7765836,0,0
19-03-19 0:01,47433.00949,76.56754184,47356.44194,47812.09904,,-379.0895577,-455.6570996,0,0
19-03-19 0:01,47601.70575,83.82784581,47517.8779,47821.54051,,-219.8347675,-303.6626134,0,0
19-03-19 0:01,47754.31008,91.04008437,47663.26999,47873.85563,,-119.5455501,-210.5856345,0,0
19-03-19 0:01,47893.62692,98.20222886,47795.42469,47904.91716,,-11.29024001,-109.4924689,0,0
19-03-19 0:02,48021.78598,105.3122647,47916.47372,48024.05114,,-2.265160692,-107.5774254,0,0
19-03-19 0:02,48140.44275,112.3681919,48028.07455,48164.8099,,-24.36715664,-136.7353486,0,0
19-03-19 0:02,48250.90955,119.3680259,48131.54152,48324.15038,,-73.24083379,-192.6088597,0,0
19-03-19 0:02,48354.24434,126.3097976,48227.93455,48338.74935,,15.49499785,-110.8147998,0,0
19-03-19 0:02,48451.31246,133.1915546,48318.12091,48348.04935,,103.2631161,-29.9284385,1,0
19-03-19 0:02,48542.83072,140.011361,48402.81936,48313.60819,,229.2225293,89.21116832,1,0
19-03-19 0:03,48629.39956,146.7672985,48482.63226,48315.78062,,313.6189448,166.8516463,1,0
19-03-19 0:03,48711.52698,153.457467,48558.06951,48257.96522,,453.5617627,300.1042957,1,0
19-03-19 0:03,48789.64655,160.0799844,48629.56657,48330.19745,,459.4491029,299.3691185,1,0
19-03-19 0:03,48864.13131,166.6329881,48697.49832,48429.88058,,434.2507333,267.6177452,1,0
19-03-19 0:03,48935.30452,173.1146348,48762.18988,48459.73248,,475.5720371,302.4574023,1,0
19-03-19 0:03,49003.44815,179.5231013,48823.92505,48538.1404,,465.3077437,285.7846424,1,0
19-03-19 0:04,49068.80961,185.856585,48882.95303,48632.97309,,435.8365244,249.9799393,1,0
19-03-19 0:04,49131.60722,192.1133045,48939.49391,48718.48689,,413.1203272,221.0070227,1,0
19-03-19 0:04,49192.03452,198.2914998,48993.74302,48780.65795,,411.3765743,213.0850745,1,0
19-03-19 0:04,49250.26398,204.3894332,49045.87455,48872.07306,,378.1909197,173.8014866,1,0
19-03-19 0:04,49306.44987,210.4053893,49096.04448,48957.70976,,348.74011,138.3347208,1,0
19-03-19 0:04,49360.73078,216.3376759,49144.39311,48960.8592,,399.8715804,183.5339045,1,0
19-03-19 0:05,49413.23167,222.1846246,49191.04704,49011.51985,,401.7118187,179.5271941,1,0
19-03-19 0:05,49464.06558,227.9445905,49236.12099,49023.16838,,440.8971919,212.9526013,1,0
19-03-19 0:05,49513.33511,233.6159536,49279.71916,49124.7113,,388.6238166,155.007863,1,0
19-03-19 0:05,49561.13369,239.1971186,49321.93658,49182.76588,,378.3678184,139.1706998,1,0
19-03-19 0:05,49607.54661,244.6865156,49362.8601,49195.29698,,412.2496324,167.5631168,1,0
19-03-19 0:05,49652.65195,250.0826004,49402.56935,49148.82727,,503.8246782,253.7420778,1,0
19-03-19 0:06,49696.52137,255.3838554,49441.13751,49121.7603,,574.7610684,319.377213,1,0
19-03-19 0:06,49739.22079,260.5887894,49478.63201,49004.93303,,734.2877635,473.6989741,1,0
19-03-19 0:06,49780.81102,265.6959382,49515.11508,49144.49194,,636.3190776,370.6231393,1,0
19-03-19 0:06,49821.34821,270.7038654,49550.64435,49165.36798,,655.9802333,385.2763679,1,0
19-03-19 0:06,49860.88438,275.6111623,49585.27322,49148.03983,,712.844556,437.2333936,1,0
19-03-19 0:06,49899.46778,280.4164486,49619.05133,49202.62083,,696.8469502,416.4305015,1,0
19-03-19 0:07,49937.14325,285.1183727,49652.02488,49254.59804,,682.5452075,397.4268348,1,0
19-03-19 0:07,49973.95254,289.7156118,49684.23693,49322.15394,,651.7986037,362.0829918,1,0
19-03-19 0:07,50009.93459,294.2068731,49715.72771,49398.29748,,611.6371021,317.430229,1,0
19-03-19 0:07,50045.12575,298.5908931,49746.53486,49436.77718,,608.3485745,309.7576814,1,0
19-03-19 0:07,50079.56006,302.8664386,49776.69362,49529.95532,,549.6047345,246.7382959,1,0
19-03-19 0:07,50113.26938,307.0323071,49806.23707,49520.3516,,592.9177785,285.8854714,1,0
19-03-19 0:08,50146.28361,311.0873268,49835.19629,49521.80719,,624.4764212,313.3890944,1,0
19-03-19 0:08,50178.63085,315.030357,49863.60049,49477.8046,,700.8262477,385.7958906,1,0
19-03-19 0:08,50210.3375,318.8602887,49891.47721,49594.52554,,615.8119549,296.9516662,1,0
19-03-19 0:08,50241.42845,322.5760446,49918.8524,49662.55825,,578.8701953,256.2941506,1,0
19-03-19 0:08,50271.92715,326.1765795,49945.75057,49683.11241,,588.8147408,262.6381613,1,0
19-03-19 0:08,50301.85575,329.6608806,49972.19487,49741.66009,,560.1956639,230.5347833,1,0
19-03-19 0:09,50331.23518,333.0279678,49998.20721,49874.60559,,456.6295841,123.6016163,1,0
19-03-19 0:09,50360.08521,336.2768941,50023.80832,49901.55504,,458.5301696,122.2532755,1,0
19-03-19 0:09,50388.4246,339.4067456,50049.01785,49935.55662,,452.8679798,113.4612342,1,0
19-03-19 0:09,50416.2711,342.4166419,50073.85446,49922.07547,,494.1956271,151.7789852,1,0
19-03-19 0:09,50443.64157,345.3057364,50098.33584,49946.01586,,497.6257149,152.3199785,1,0
19-03-19 0:09,50470.55201,348.0732164,50122.4788,49985.64425,,484.9077688,136.8345524,1,0
19-03-19 0:10,50497.01764,350.7183035,50146.29933,50051.98412,,445.0335159,94.31521232,1,0
19-03-19 0:10,50523.0529,353.2402537,50169.81265,50065.38313,,457.6697763,104.4295226,1,0
19-03-19 0:10,50548.67159,355.6383576,50193.03323,50066.122,,482.5495892,126.9112316,1,0
19-03-19 0:10,50573.88681,357.9119407,50215.97487,50124.71359,,449.1732143,91.26127362,1,0
19-03-19 0:10,50598.71108,360.0603634,50238.65072,50101.00722,,497.703863,137.6434996,1,0
19-03-19 0:10,50623.15634,362.0830214,50261.07332,50125.25184,,497.9045074,135.821486,1,0
19-03-19 0:11,50647.234,363.9793458,50283.25465,50111.307,,535.9269956,171.9476498,1,0
19-03-19 0:11,50670.95493,365.7488031,50305.20612,50124.53001,,546.4249135,180.6761104,1,0
19-03-19 0:11,50694.32956,367.3908958,50326.93866,50246.19602,,448.1335354,80.7426396,1,0
19-03-19 0:11,50717.36785,368.9051618,50348.46268,50265.26987,,452.0979777,83.19281589,1,0
19-03-19 0:11,50740.07934,370.2911752,50369.78817,50297.57641,,442.5029303,72.21175503,1,0
19-03-19 0:11,50762.47318,371.5485463,50390.92464,50307.30722,,455.1659613,83.617415,1,0
19-03-19 0:12,50784.55813,372.6769212,50411.88121,50265.47808,,519.0800552,146.403134,1,0
19-03-19 0:12,50806.3426,373.6759827,50432.66662,50291.40145,,514.94115,141.2651674,1,0
19-03-19 0:12,50827.83465,374.5454496,50453.2892,50267.10345,,560.7312,186.1857504,1,0
19-03-19 0:12,50849.04203,375.2850775,50473.75695,50250.81329,,598.2287342,222.9436567,1,0
19-03-19 0:12,50869.97218,375.8946582,50494.07752,50363.27181,,506.7003704,130.8057122,1,0
19-03-19 0:12,50890.63225,376.3740204,50514.25823,50423.74208,,466.8901677,90.51614738,1,0
19-03-19 0:13,50911.02913,376.7230291,50534.3061,50470.77995,,440.2491849,63.52615582,1,0
19-03-19 0:13,50931.16944,376.9415863,50554.22786,50499.52702,,431.642427,54.7008407,1,0
19-03-19 0:13,50951.05956,377.0296304,50574.02993,50533.36893,,417.6906306,40.66100028,1,0
19-03-19 0:13,50970.70562,376.9871366,50593.71848,50559.61191,,411.0937098,34.10657321,1,0
19-03-19 0:13,50990.11353,376.814117,50613.29942,50563.99211,,426.1214269,49.30730987,1,0
19-03-19 0:13,51009.28901,376.5106202,50632.77839,50647.8309,,361.4581135,-15.05250666,1,0
19-03-19 0:14,51028.23756,376.0767315,50652.16083,50677.33795,,350.8996115,-25.17712007,1,0
19-03-19 0:14,51046.96448,375.5125731,50671.45191,50752.3573,,294.6071872,-80.90538589,1,0
19-03-19 0:14,51065.47491,374.8183035,50690.6566,50945.45538,,120.0195267,-254.7987768,0,0
19-03-19 0:14,51083.77377,373.9941181,50709.77966,51086.74302,,-2.969245034,-376.9633632,0,0
19-03-19 0:14,51101.86587,373.0402488,50728.82562,51039.26752,,62.59835576,-310.441893,0,0
19-03-19 0:14,51119.75582,371.9569637,50747.79885,50921.70668,,198.0491425,-173.9078211,1,0
19-03-19 0:15,51137.44808,370.7445676,50766.70351,50936.75414,,200.6939462,-170.0506215,1,0
19-03-19 0:15,51154.94698,369.4034016,50785.54358,51061.59189,,93.35509039,-276.0483112,0,0
19-03-19 0:15,51172.2567,367.9338429,50804.32286,51094.42876,,77.8279438,-290.1058991,0,0
19-03-19 0:15,51189.38129,366.3363049,50823.04499,51002.97786,,186.403429,-179.9328759,1,0
19-03-19 0:15,51206.32466,364.6112368,50841.71343,50938.20843,,268.116237,-96.49499979,1,0
19-03-19 0:15,51223.09061,362.759124,50860.33149,50928.06759,,295.023027,-67.73609701,1,0
19-03-19 0:16,51239.68282,360.7804874,50878.90233,50894.38263,,345.3001842,-15.48030322,1,0
19-03-19 0:16,51256.10485,358.6758836,50897.42896,50860.0417,,396.0631427,37.38725906,1,0
19-03-19 0:16,51272.36015,356.4459046,50915.91424,50866.10251,,406.2576335,49.81172899,1,0
19-03-19 0:16,51288.45208,354.0911775,50934.3609,50931.04819,,357.403886,3.312708494,1,0
19-03-19 0:16,51304.38389,351.6123648,50952.77152,50976.85808,,327.5258054,-24.08655935,1,0
19-03-19 0:16,51320.15873,349.0101636,50971.14857,50953.10431,,367.054422,18.04425834,1,0
19-03-19 0:17,51335.77967,346.2853061,50989.49436,50886.95858,,448.8210854,102.5357793,1,0
19-03-19 0:17,51351.24968,343.4385585,51007.81112,50904.69836,,446.551318,103.1127595,1,0
19-03-19 0:17,51366.57165,340.4707217,51026.10093,50853.3964,,513.175246,172.7045244,1,0
19-03-19 0:17,51381.74838,337.3826304,51044.36575,50909.73143,,472.0169501,134.6343197,1,0
19-03-19 0:17,51396.78261,334.1751532,51062.60746,50918.1087,,478.6739111,144.4987579,1,0
19-03-19 0:17,51411.67699,330.8491925,51080.82779,50962.87213,,448.8048517,117.9556593,1,0
19-03-19 0:18,51426.43408,327.4056836,51099.0284,50984.37604,,442.0580419,114.6523583,1,0
19-03-19 0:18,51441.05641,323.8455953,51117.21081,51055.85494,,385.2014665,61.35587123,1,0
19-03-19 0:18,51455.5464,320.1699288,51135.37648,51137.56701,,317.9793989,-2.190529847,1,0
19-03-19 0:18,51469.90644,316.3797181,51153.52673,51166.88758,,303.0188615,-13.3608566,1,0
19-03-19 0:18,51484.13884,312.4760293,51171.66281,51224.65615,,259.4826823,-52.99334702,1,0
19-03-19 0:18,51498.24583,308.4599605,51189.78587,51236.15928,,262.0865466,-46.37341393,1,0
19-03-19 0:19,51512.22962,304.3326413,51207.89698,51299.2126,,213.0170219,-91.3156194,1,0
19-03-19 0:19,51526.09233,300.0952326,51225.9971,51298.42265,,227.6696797,-72.42555289,1,0
19-03-19 0:19,51539.83605,295.7489264,51244.08713,51297.84991,,241.9861475,-53.76277889,1,0
19-03-19 0:19,51553.46281,291.2949451,51262.16786,51302.32072,,251.1420811,-40.15286395,1,0
19-03-19 0:19,51566.97456,286.7345416,51280.24002,51455.85226,,111.1222983,-175.6122434,0,0
19-03-19 0:19,51580.37325,282.0689988,51298.30425,51771.98851,,-191.6152662,-473.684265,0,0
19-03-19 0:20,51593.66074,277.2996288,51316.36111,51833.56485,,-239.9041068,-517.2037356,0,0
19-03-19 0:20,51606.83887,272.4277732,51334.41109,51862.78933,,-255.9504583,-528.3782315,0,0
19-03-19 0:20,51619.90942,267.4548025,51352.45462,51920.60559,,-300.6961682,-568.1509707,0,0
19-03-19 0:20,51632.87413,262.3821154,51370.49202,51957.52385,,-324.6497172,-587.0318326,0,0
19-03-19 0:20,51645.73471,257.2111387,51388.52357,51935.18388,,-289.449169,-546.6603077,0,0
19-03-19 0:20,51658.49282,251.943327,51406.54949,51820.66443,,-162.1716107,-414.1149377,0,0
19-03-19 0:21,51671.15007,246.5801621,51424.5699,51647.0619,,24.08817058,-222.4919915,0,0
19-03-19 0:21,51683.70804,241.1231524,51442.58489,51543.79731,,139.9107269,-101.2124255,1,0
19-03-19 0:21,51696.16829,235.5738329,51460.59445,51524.02236,,172.1459304,-63.42790248,1,0
19-03-19 0:21,51708.53231,229.9337646,51478.59855,51464.43095,,244.1013693,14.16760466,1,0
19-03-19 0:21,51720.8016,224.204534,51496.59706,51413.76478,,307.0368179,82.83228396,1,0
19-03-19 0:21,51732.97758,218.3877524,51514.58982,51463.64858,,269.3289968,50.94124438,1,0
19-03-19 0:22,51745.06166,212.4850562,51532.57661,51549.17754,,195.884118,-16.60093823,1,0
19-03-19 0:22,51757.05523,206.4981056,51550.55712,51635.86681,,121.1884222,-85.30968342,1,0
19-03-19 0:22,51768.95962,200.4285846,51568.53104,51650.32515,,118.6344726,-81.79411206,1,0
19-03-19 0:22,51780.77616,194.2782005,51586.49796,51636.70246,,144.0736964,-50.20450417,1,0
19-03-19 0:22,51792.50613,188.0486834,51604.45744,51637.06486,,155.4412633,-32.60742007,1,0
19-03-19 0:22,51804.15079,181.7417853,51622.409,51668.47431,,135.6764816,-46.06530372,1,0
19-03-19 0:23,51815.71137,175.3592804,51640.35209,51710.96591,,104.7454586,-70.61382184,1,0
19-03-19 0:23,51827.18908,168.902964,51658.28611,51726.24265,,100.9464305,-67.95653352,1,0
19-03-19 0:23,51838.58509,162.374652,51676.21044,51740.39775,,98.18734231,-64.18730969,1,0
19-03-19 0:23,51849.90057,155.7761808,51694.12439,51703.46886,,146.4317129,-9.344467915,1,0
19-03-19 0:23,51861.13664,149.1094065,51712.02724,51712.76391,,148.3727347,-0.736671771,1,0
19-03-19 0:23,51872.29442,142.3762042,51729.91821,51769.4099,,102.8845154,-39.49168878,1,0
19-03-19 0:24,51883.37497,135.5784679,51747.7965,51840.6441,,42.73086693,-92.84760094,0,0
19-03-19 0:24,51894.37937,128.7181096,51765.66126,51905.55564,,-11.17627263,-139.8943823,0,0
19-03-19 0:24,51905.30865,121.7970592,51783.51159,51905.54607,,-0.23741986,-122.034479,0,0
19-03-19 0:24,51916.16383,114.8172632,51801.34657,51860.65227,,55.51156085,-59.3057024,0,0
19-03-19 0:24,51926.94592,107.7806852,51819.16523,51835.6205,,91.32541858,-16.45526657,1,0
19-03-19 0:24,51937.65588,100.6893041,51836.96658,51890.53864,,47.11724019,-53.57206396,0,0
19-03-19 0:25,51948.29468,93.54511492,51854.74957,51992.15191,,-43.85723052,-137.4023454,0,0
19-03-19 0:25,51958.86326,86.350127,51872.51313,52064.86407,,-106.0008075,-192.3509345,0,0
19-03-19 0:25,51969.36253,79.1063642,51890.25617,52112.97157,,-143.6090389,-222.7154031,0,0
19-03-19 0:25,51979.79341,71.81586407,51907.97754,52117.37425,,-137.5808464,-209.3967105,0,0
19-03-19 0:25,51990.15677,64.4806773,51925.67609,52093.63004,,-103.4732673,-167.9539446,0,0
19-03-19 0:25,52000.45348,57.10286714,51943.35062,52070.1924,,-69.73891789,-126.841785,0,0
19-03-19 0:26,52010.6844,49.68450884,51960.99989,52018.19584,,-7.511432547,-57.19594139,0,0
19-03-19 0:26,52020.85037,42.22768906,51978.62268,52001.8925,,18.95786373,-23.26982532,0,0
19-03-19 0:26,52030.95219,34.73450525,51996.21768,52035.00917,,-4.056981799,-38.79148705,0,0
19-03-19 0:26,52040.99068,27.20706512,52013.78361,52123.42429,,-82.43361796,-109.6406831,0,0
19-03-19 0:26,52050.96662,19.64748601,52031.31913,52164.19969,,-113.2330721,-132.8805581,0,0
19-03-19 0:26,52060.88079,12.05789429,52048.8229,52152.85091,,-91.97012044,-104.0280147,0,0
19-03-19 0:27,52070.73395,4.440424774,52066.29353,52122.18135,,-51.44740202,-55.88782679,0,0
19-03-19 0:27,52080.52685,-3.202779877,52083.72963,52086.28702,,-5.760176247,-2.55739637,1,1
19-03-19 0:27,52090.26021,-10.86956977,52101.12978,51947.20848,,143.0517308,153.9213005,0,1
19-03-19 0:27,52099.93476,-18.55778836,52118.49255,51843.67341,,256.26135,274.8191383,0,1
19-03-19 0:27,52109.55121,-26.26527311,52135.81648,51934.10439,,175.4468173,201.7120904,0,1
19-03-19 0:27,52119.11025,-33.98985602,52153.1001,52053.47919,,65.63105626,99.62091228,0,1
19-03-19 0:28,52128.61255,-41.72936432,52170.34192,52174.77962,,-46.16707194,-4.437707615,1,1
19-03-19 0:28,52138.05879,-49.48162102,52187.54042,52313.70894,,-175.6501413,-126.1685202,1,1
19-03-19 0:28,52147.44963,-57.24444554,52204.69408,52398.48134,,-251.0317056,-193.7872601,1,1
19-03-19 0:28,52156.78572,-65.01565435,52221.80137,52428.58535,,-271.7996318,-206.7839774,1,1
19-03-19 0:28,52166.06768,-72.79306153,52238.86074,52415.15641,,-249.0887325,-176.2956709,1,1
19-03-19 0:28,52175.29614,-80.57447945,52255.87062,52364.80457,,-189.5084324,-108.9339529,1,1
19-03-19 0:29,52184.47171,-88.35771933,52272.82943,52309.6735,,-125.2017844,-36.8440651,1,1
19-03-19 0:29,52193.59501,-96.14059189,52289.7356,52353.08254,,-159.4875319,-63.34694003,1,1
19-03-19 0:29,52202.66661,-103.9209079,52306.58752,52455.64697,,-252.9803618,-149.0594539,1,1
19-03-19 0:29,52211.6871,-111.696479,52323.38358,52510.01615,,-298.3290435,-186.6325645,1,1
19-03-19 0:29,52220.65706,-119.465118,52340.12218,52515.29689,,-294.6398314,-175.1747135,1,1
19-03-19 0:29,52229.57705,-127.2246397,52356.80169,52471.10276,,-241.5257059,-114.3010663,1,1
19-03-19 0:30,52238.44762,-134.9728614,52373.42048,52385.07431,,-146.6266868,-11.65382535,1,1
19-03-19 0:30,52247.26931,-142.7076039,52389.97692,52288.14169,,-40.87237345,101.8352305,0,1
19-03-19 0:30,52256.04267,-150.4266914,52406.46936,52188.90546,,67.1372081,217.5638995,0,1
19-03-19 0:30,52264.76822,-158.1279526,52422.89617,52219.45643,,45.31178172,203.4397344,0,1
19-03-19 0:30,52273.44647,-165.8092214,52439.25569,52365.31575,,-91.86927749,73.93994395,1,1
19-03-19 0:30,52282.07794,-173.4683372,52455.54627,52478.06633,,-195.9883933,-22.52005613,1,1
19-03-19 0:31,52290.66312,-181.1031455,52471.76627,52540.00506,,-249.3419404,-68.23879492,1,1
19-03-19 0:31,52299.20252,-188.7114989,52487.91402,52570.02802,,-270.8255,-82.11400114,1,1
19-03-19 0:31,52307.69662,-196.2912572,52503.98788,52524.51772,,-216.8210951,-20.52983791,1,1
19-03-19 0:31,52316.14589,-203.8402884,52519.98618,52393.04217,,-76.89627872,126.9440097,0,1
19-03-19 0:31,52324.55081,-211.3564691,52535.90728,52299.51606,,25.03475061,236.3912197,0,1
19-03-19 0:31,52332.91184,-218.8376852,52551.74953,52332.90869,,0.003151161,218.8408363,0,1
19-03-19 0:32,52341.22944,-226.2818322,52567.51127,52418.35244,,-77.12300142,149.1588308,0,1
19-03-19 0:32,52349.50405,-233.6868163,52583.19087,52538.7081,,-189.2040503,44.48276594,1,1
19-03-19 0:32,52357.73612,-241.0505546,52598.78667,52639.6842,,-281.9480803,-40.89752569,1,1
19-03-19 0:32,52365.92608,-248.3709758,52614.29705,52656.0112,,-290.0851213,-41.71414553,1,1
19-03-19 0:32,52374.07436,-255.6460207,52629.72038,52565.16082,,-191.0864667,64.55955406,1,1
19-03-19 0:32,52382.18138,-262.8736432,52645.05502,52504.50303,,-122.3216516,140.5519916,0,1
19-03-19 0:33,52390.24756,-270.0518101,52660.29937,52513.92973,,-123.6821722,146.3696379,0,1
19-03-19 0:33,52398.27331,-277.1785024,52675.45181,52586.31691,,-188.0436037,89.13489872,1,1
19-03-19 0:33,52406.25903,-284.2517154,52690.51075,52671.44457,,-265.1855342,19.06618126,1,1
19-03-19 0:33,52414.20512,-291.2694597,52705.47458,52725.34404,,-311.1389222,-19.86946257,1,1
19-03-19 0:33,52422.11197,-298.2297611,52720.34173,52781.83516,,-359.7231945,-61.4934334,1,1
19-03-19 0:33,52429.97996,-305.130662,52735.11062,52746.11389,,-316.1339315,-11.00326954,1,1
19-03-19 0:34,52437.80948,-311.9702212,52749.7797,52726.58507,,-288.7755868,23.19463432,1,1
19-03-19 0:34,52445.6009,-318.7465148,52764.34742,52785.30212,,-339.7012207,-20.95470591,1,1
19-03-19 0:34,52453.35459,-325.4576369,52778.81223,52816.74514,,-363.3905477,-37.93291082,1,1
19-03-19 0:34,52461.07091,-332.1016996,52793.17261,52851.91142,,-390.8405087,-58.73880907,1,1
19-03-19 0:34,52468.75022,-338.6768342,52807.42706,52880.42559,,-411.6753701,-72.99853592,1,1
19-03-19 0:34,52476.39288,-345.1811912,52821.57407,52867.57219,,-391.1793066,-45.99811538,1,1
19-03-19 0:35,52483.99923,-351.612941,52835.61217,52807.37939,,-323.3801622,28.23277882,1,1
19-03-19 0:35,52491.56962,-357.9702745,52849.53989,52752.99034,,-261.420722,96.54955251,1,1
19-03-19 0:35,52499.10438,-364.2514034,52863.35578,52715.68065,,-216.5762765,147.675127,1,1
19-03-19 0:35,52506.60385,-370.4545611,52877.05841,52738.58958,,-231.9857368,138.4688242,1,1
19-03-19 0:35,52514.06835,-376.5780026,52890.64635,52797.21321,,-283.1448552,93.43314735,1,1
19-03-19 0:35,52521.49822,-382.6200056,52904.11822,52830.33862,,-308.8404046,73.77960097,1,1
19-03-19 0:36,52528.89377,-388.5788705,52917.47264,52875.17762,,-346.2838557,42.29501475,1,1
19-03-19 0:36,52536.25531,-394.4529212,52930.70824,52870.93441,,-334.6790947,59.77382649,1,1
19-03-19 0:36,52543.58317,-400.2405055,52943.82368,52880.56349,,-336.9803195,63.26018598,1,1
19-03-19 0:36,52550.87764,-405.9399954,52956.81764,52945.84931,,-394.9716644,10.96833098,1,1
19-03-19 0:36,52558.13903,-411.5497878,52969.68882,53049.37192,,-491.2328858,-79.68309801,1,1
19-03-19 0:36,52565.36764,-417.0683046,52982.43594,53102.83018,,-537.4625479,-120.3942433,1,1
19-03-19 0:37,52572.56375,-422.4939937,52995.05775,53085.86861,,-513.3048507,-90.81085701,1,1
19-03-19 0:37,52579.72768,-427.825329,53007.553,53042.86566,,-463.1379862,-35.3126572,1,1
19-03-19 0:37,52586.85969,-433.0608107,53019.9205,52978.41332,,-391.5536306,41.50718003,1,1
19-03-19 0:37,52593.96007,-438.1989662,53032.15903,52932.26845,,-338.3083859,99.89058038,1,1
19-03-19 0:37,52601.0291,-443.2383504,53044.26745,52944.1689,,-343.1397969,100.0985534,1,1
19-03-19 0:37,52608.06706,-448.1775456,53056.24461,52943.41512,,-335.3480529,112.8294927,1,1
19-03-19 0:38,52615.07422,-453.0151626,53068.08939,52928.57347,,-313.499248,139.5159146,1,1
19-03-19 0:38,52622.05085,-457.7498406,53079.80069,52921.62937,,-299.5785158,158.1713248,1,1
19-03-19 0:38,52628.99721,-462.3802479,53091.37746,52944.79011,,-315.7929008,146.5873471,1,1
19-03-19 0:38,52635.91357,-466.9050821,53102.81865,52980.05566,,-344.142097,122.7629851,1,1
19-03-19 0:38,52642.80017,-471.3230702,53114.12324,53029.96181,,-387.1616379,84.16143232,1,1
19-03-19 0:38,52649.65729,-475.6329698,53125.29026,53009.09936,,-359.4420717,116.1908981,1,1
19-03-19 0:39,52656.48516,-479.8335684,53136.31873,52955.23372,,-298.7485587,181.0850097,1,1
19-03-19 0:39,52663.28404,-483.9236845,53147.20772,52977.07671,,-313.792673,170.1310114,1,1
19-03-19 0:39,52670.05417,-487.9021676,53157.95634,53003.1313,,-333.0771269,154.8250407,1,1
19-03-19 0:39,52676.79579,-491.7678986,53168.56369,53054.36851,,-377.5727119,114.1951867,1,1
19-03-19 0:39,52683.50915,-495.5197903,53179.02894,53115.59814,,-432.0889864,63.43080395,1,1
19-03-19 0:39,52690.19448,-499.1567872,53189.35127,53088.79237,,-398.5978904,100.5588968,1,1
19-03-19 0:40,52696.85201,-502.6778664,53199.52988,53034.91682,,-338.0648138,164.6130526,1,1
19-03-19 0:40,52703.48197,-506.0820373,53209.56401,53170.71439,,-467.2324207,38.84961657,1,1
19-03-19 0:40,52710.08459,-509.3683425,53219.45294,53153.9778,,-443.8932034,65.47513917,1,1
19-03-19 0:40,52716.6601,-512.5358577,53229.19596,53211.20612,,-494.5460165,17.98984114,1,1
19-03-19 0:40,52723.20871,-515.5836917,53238.7924,53249.63771,,-526.4289955,-10.8453038,1,1
19-03-19 0:40,52729.73065,-518.5109874,53248.24164,53247.40662,,-517.6759735,0.835013936,1,1
19-03-19 0:41,52736.22613,-521.3169214,53257.54305,53258.59003,,-522.3639036,-1.04698228,1,1
19-03-19 0:41,52742.69537,-524.0007043,53266.69607,53312.67123,,-569.9758596,-45.97515537,1,1
19-03-19 0:41,52749.13857,-526.5615813,53275.70015,53415.3957,,-666.2571337,-139.6955525,1,1
19-03-19 0:41,52755.55595,-528.998832,53284.55478,53489.13939,,-733.5834427,-204.5846107,1,1
19-03-19 0:41,52761.94771,-531.3117709,53293.25948,53495.80909,,-733.8613835,-202.5496126,1,1
19-03-19 0:41,52768.31405,-533.4997475,53301.8138,53496.16171,,-727.8476587,-194.3479113,1,1
19-03-19 0:42,52774.65518,-535.5621462,53310.21733,53458.66805,,-684.012866,-148.4507198,1,1
19-03-19 0:42,52780.9713,-537.4983869,53318.46969,53409.53023,,-628.5589278,-91.06054086,1,1
19-03-19 0:42,52787.2626,-539.3079251,53326.57052,53375.24349,,-587.9808912,-48.67296615,1,1
19-03-19 0:42,52793.52927,-540.9902517,53334.51952,53393.08178,,-599.5525048,-58.56225314,1,1
19-03-19 0:42,52799.77152,-542.5448935,53342.31641,53431.31693,,-631.545412,-89.00051848,1,1
19-03-19 0:42,52805.98952,-543.9714132,53349.96093,53468.21033,,-662.2208079,-118.2493947,1,1
19-03-19 0:43,52812.18347,-545.2694097,53357.45288,53476.51108,,-664.3276162,-119.0582066,1,1
19-03-19 0:43,52818.35355,-546.4385176,53364.79206,53406.75866,,-588.4051149,-41.96659725,1,1
19-03-19 0:43,52824.49994,-547.4784084,53371.97835,53332.18924,,-507.6892993,39.7891091,1,1
19-03-19 0:43,52830.62283,-548.3887893,53379.01162,53299.16605,,-468.5432181,79.84557117,1,1
19-03-19 0:43,52836.72239,-549.1694044,53385.8918,53340.29364,,-503.5712461,45.59815827,1,1
19-03-19 0:43,52842.79881,-549.820034,53392.61884,53347.92948,,-505.1306734,44.68936061,1,1
19-03-19 0:44,52848.85225,-550.3404952,53399.19275,53396.70072,,-547.8484698,2.49202539,1,1
19-03-19 0:44,52854.88289,-550.7306416,53405.61354,53497.01081,,-642.1279196,-91.39727804,1,1
19-03-19 0:44,52860.89091,-550.9903634,53411.88127,53627.37289,,-766.481981,-215.4916176,1,1
19-03-19 0:44,52866.87646,-551.1195875,53417.99605,53629.39285,,-762.5163863,-211.3967987,1,1
19-03-19 0:44,52872.83972,-551.1182777,53423.958,53637.30817,,-764.468454,-213.3501763,1,1
19-03-19 0:44,52878.78085,-550.9864343,53429.76729,53677.50288,,-798.7220241,-247.7355898,1,1
19-03-19 0:45,52884.70002,-550.7240943,53435.42412,53661.59022,,-776.8901986,-226.1661043,1,1
19-03-19 0:45,52890.59739,-550.3313316,53440.92872,53598.93233,,-708.3349362,-158.0036046,1,1
19-03-19 0:45,52896.47312,-549.8082567,53446.28137,53528.87627,,-632.4031544,-82.5948977,1,1
19-03-19 0:45,52902.32736,-549.1550166,53451.48238,53472.54133,,-570.2139647,-21.05894807,1,1
19-03-19 0:45,52908.16028,-548.3717951,53456.53207,53464.69015,,-556.5298772,-8.15808206,1,1
19-03-19 0:45,52913.97202,-547.4588126,53461.43083,53466.88064,,-552.9086224,-5.449809792,1,1
19-03-19 0:46,52919.76274,-546.4163258,53466.17907,53471.44088,,-551.6781349,-5.261809149,1,1
19-03-19 0:46,52925.5326,-545.2446279,53470.77723,53438.88635,,-513.3537465,31.8908814,1,1
19-03-19 0:46,52931.28174,-543.9440486,53475.22579,53443.16042,,-511.8786787,32.06536994,1,1
19-03-19 0:46,52937.01031,-542.5149537,53479.52526,53536.41759,,-599.4072777,-56.89232397,1,1
19-03-19 0:46,52942.71846,-540.9577451,53483.6762,53595.28083,,-652.5623753,-111.6046302,1,1
19-03-19 0:46,52948.40633,-539.2728609,53487.67919,53608.37406,,-659.9677313,-120.6948704,1,1
19-03-19 0:47,52954.07406,-537.460775,53491.53484,53605.8037,,-651.7296415,-114.2688665,1,1
19-03-19 0:47,52959.72181,-535.5219971,53495.2438,53563.79087,,-604.0690644,-68.54706732,1,1
19-03-19 0:47,52965.3497,-533.4570725,53498.80677,53525.46528,,-560.1155855,-26.65851308,1,1
19-03-19 0:47,52970.95788,-531.2665821,53502.22446,53511.28741,,-540.329531,-9.062948924,1,1
19-03-19 0:47,52976.54648,-528.951142,53505.49762,53557.39574,,-580.8492595,-51.89811751,1,1
19-03-19 0:47,52982.11565,-526.5114035,53508.62705,53546.60134,,-564.4856969,-37.97429344,1,1
19-03-19 0:48,52987.66551,-523.9480528,53511.61356,53535.21546,,-547.5499516,-23.60189879,1,1
19-03-19 0:48,52993.1962,-521.2618111,53514.45801,53561.92636,,-568.7301562,-47.46834513,1,1
19-03-19 0:48,52998.70785,-518.4534338,53517.16129,53554.17877,,-555.4709197,-37.01748584,1,1
19-03-19 0:48,53004.2006,-515.523711,53519.72431,53530.33006,,-526.1294649,-10.60575396,1,1
19-03-19 0:48,53009.67457,-512.4734667,53522.14803,53550.56391,,-540.8893465,-28.4158798,1,1
19-03-19 0:48,53015.12988,-509.3035588,53524.43344,53565.37312,,-550.2432346,-40.9396758,1,1
19-03-19 0:49,53020.56667,-506.0148791,53526.58155,53627.16339,,-606.5967124,-100.5818333,1,1
19-03-19 0:49,53025.98507,-502.6083525,53528.59342,53697.03233,,-671.0472664,-168.4389139,1,1
19-03-19 0:49,53031.38518,-499.0849373,53530.47012,53720.39434,,-689.0091562,-189.9242189,1,1
19-03-19 0:49,53036.76715,-495.4456246,53532.21278,53722.57252,,-685.8053705,-190.3597459,1,1
19-03-19 0:49,53042.13109,-491.6914379,53533.82253,53700.93253,,-658.8014384,-167.1100005,1,1
19-03-19 0:49,53047.47711,-487.8234334,53535.30055,53702.1348,,-654.657687,-166.8342536,1,1
19-03-19 0:50,53052.80535,-483.8426989,53536.64805,53641.25379,,-588.4484367,-104.6057378,1,1
19-03-19 0:50,53058.11591,-479.7503543,53537.86627,53646.55153,,-588.4356121,-108.6852578,1,1
19-03-19 0:50,53063.40892,-475.5475506,53538.95647,53612.53899,,-549.1300697,-73.58251915,1,1
19-03-19 0:50,53068.68449,-471.2354699,53539.91996,53601.92405,,-533.2395534,-62.00408354,1,1
19-03-19 0:50,53073.94273,-466.8153253,53540.75806,53492.195,,-418.252269,48.5630563,1,1
19-03-19 0:50,53079.18377,-462.2883599,53541.47213,53496.67294,,-417.4891744,44.79918551,1,1
19-03-19 0:51,53084.4077,-457.6558472,53542.06354,53330.07822,,-245.6705209,211.9853263,1,1
19-03-19 0:51,53089.61464,-452.9190902,53542.53373,53270.66444,,-181.0497964,271.8692938,0,1
19-03-19 0:51,53094.80471,-448.0794213,53542.88413,53263.53701,,-168.7323064,279.3471149,0,1
19-03-19 0:51,53099.978,-443.1382018,53543.1162,53169.77432,,-69.79631884,373.3418829,0,1
19-03-19 0:51,53105.13464,-438.0968215,53543.23146,53305.76198,,-200.62734,237.4694814,0,1
19-03-19 0:51,53110.27472,-432.9566985,53543.23141,53327.9577,,-217.6829894,215.2737091,1,1
19-03-19 0:52,53115.39835,-427.7192787,53543.11763,53389.85062,,-274.4522733,153.2670054,1,1
19-03-19 0:52,53120.50564,-422.3860351,53542.89167,53425.07538,,-304.5697433,117.8162919,1,1
19-03-19 0:52,53125.59668,-416.9584681,53542.55515,53370.85061,,-245.253921,171.7045471,1,1
19-03-19 0:52,53130.6716,-411.4381042,53542.1097,53361.80283,,-231.1312295,180.3068747,1,1
19-03-19 0:52,53135.73048,-405.8264962,53541.55697,53357.4269,,-221.6964214,184.1300748,1,1
19-03-19 0:52,53140.77342,-400.1252226,53540.89864,53382.70171,,-241.9282865,158.1969361,1,1
19-03-19 0:53,53145.80053,-394.335887,53540.13642,53404.78042,,-258.9798872,135.3559998,1,1
19-03-19 0:53,53150.81191,-388.4601179,53539.27203,53294.47078,,-143.6588716,244.8012464,0,1
19-03-19 0:53,53155.80765,-382.4995681,53538.30722,53701.15105,,-545.3434004,-162.8438323,1,1
19-03-19 0:53,53160.78785,-376.455914,53537.24376,54027.74185,,-866.9539952,-490.4980811,1,1
19-03-19 0:53,53165.75261,-370.3308558,53536.08347,54102.34565,,-936.5930371,-566.2621813,1,1
19-03-19 0:53,53170.70202,-364.1261162,53534.82814,54132.98613,,-962.2841118,-598.1579956,1,1
19-03-19 0:54,53175.63618,-357.8434405,53533.47962,54290.4057,,-1114.769523,-756.9260821,1,1
19-03-19 0:54,53180.55518,-351.484596,53532.03978,54251.81785,,-1071.26267,-719.7780741,1,1
19-03-19 0:54,53185.45912,-345.0513713,53530.51049,54132.60918,,-947.1500632,-602.0986919,1,1
19-03-19 0:54,53190.34808,-338.5455759,53528.89366,53936.71553,,-746.3674485,-407.8218726,1,1
19-03-19 0:54,53195.22216,-331.9690399,53527.1912,53682.15041,,-486.9282551,-154.9592153,1,1
19-03-19 0:54,53200.08144,-325.3236129,53525.40506,53434.2209,,-234.1394506,91.18416229,1,1
19-03-19 0:55,53204.92603,-318.6111644,53523.53719,53205.80106,,-0.875032095,317.7361323,0,1
19-03-19 0:55,53209.756,-311.8335824,53521.58958,53021.30845,,188.4475499,500.2811323,0,1
19-03-19 0:55,53214.57144,-304.9927732,53519.56421,52983.83731,,230.7341303,535.7269035,0,1
19-03-19 0:55,53219.37244,-298.0906612,53517.46311,52973.28074,,246.0917069,544.1823681,0,1
19-03-19 0:55,53224.1591,-291.1291877,53515.28828,52895.16324,,328.9958512,620.1250388,0,1
19-03-19 0:55,53228.93148,-284.1103108,53513.04179,52939.68992,,289.2415561,573.351867,0,1
19-03-19 0:56,53233.68968,-277.036005,53510.72569,53007.65414,,226.0355393,503.0715443,0,1
19-03-19 0:56,53238.43378,-269.90826,53508.34204,52990.66901,,247.7647749,517.6730349,0,1
19-03-19 0:56,53243.16387,-262.7290807,53505.89295,52953.19569,,289.9681807,552.6972614,0,1
19-03-19 0:56,53247.88003,-255.5004865,53503.38051,52921.38186,,326.4981623,581.9986488,0,1
19-03-19 0:56,53252.58233,-248.2245108,53500.80684,53003.5194,,249.0629346,497.2874454,0,1
19-03-19 0:56,53257.27087,-240.9032,53498.17407,53175.43125,,81.8396211,322.7428211,0,1
19-03-19 0:57,53261.94571,-233.5386136,53495.48433,53340.65518,,-78.7094676,154.829146,0,1
19-03-19 0:57,53266.60695,-226.1328231,53492.73977,53473.84157,,-207.2346199,18.89820324,1,1
19-03-19 0:57,53271.25465,-218.6879116,53489.94257,53487.53403,,-216.2793782,2.408533366,1,1
19-03-19 0:57,53275.88891,-211.2059732,53487.09488,53492.86086,,-216.971953,-5.765979799,1,1
19-03-19 0:57,53280.50979,-203.6891124,53484.1989,53528.08401,,-247.5742197,-43.88510728,1,1
19-03-19 0:57,53285.11737,-196.1394437,53481.25681,53550.91562,,-265.7982523,-69.65880864,1,1
19-03-19 0:58,53289.71173,-188.5590905,53478.27082,53511.38115,,-221.6694201,-33.11032954,1,1
19-03-19 0:58,53294.29295,-180.9501852,53475.24313,53374.36618,,-80.0732331,100.8769521,0,1
19-03-19 0:58,53298.86109,-173.3148679,53472.17596,53267.69103,,31.17005519,204.4849231,0,1
19-03-19 0:58,53303.41624,-165.6552864,53469.07152,53295.81547,,7.600765199,173.2560516,0,1
19-03-19 0:58,53307.95846,-157.9735951,53465.93206,53371.53687,,-63.57840791,94.3951872,0,1
19-03-19 0:58,53312.48784,-150.2719548,53462.7598,53527.39794,,-214.9101022,-64.63814734,1,1
19-03-19 0:59,53317.00444,-142.5525318,53459.55697,53546.1895,,-229.1850561,-86.63252424,1,1
19-03-19 0:59,53321.50834,-134.8174974,53456.32583,53583.97786,,-262.4695203,-127.6520229,1,1
19-03-19 0:59,53325.9996,-127.0690275,53453.06862,53586.61042,,-260.6108181,-133.5417907,1,1
19-03-19 0:59,53330.4783,-119.3093013,53449.7876,53578.57868,,-248.100383,-128.7910816,1,1
19-03-19 0:59,53334.9445,-111.5405018,53446.485,53596.48266,,-261.5381612,-149.9976595,1,1
19-03-19 0:59,53339.39828,-103.764814,53443.1631,53525.0907,,-185.6924174,-81.92760343,1,1
19-03-19 1:00,53343.83971,-95.98442509,53439.82414,53519.37319,,-175.5334795,-79.54905444,1,1
19-03-19 1:00,53348.26885,-88.20152364,53436.47038,53524.41428,,-176.1454257,-87.94390207,1,1
19-03-19 1:00,53352.68577,-80.4182988,53433.10407,53497.42131,,-144.7355315,-64.31723274,1,1
19-03-19 1:00,53357.09055,-72.63693985,53429.72749,53513.84098,,-156.7504295,-84.11348969,1,1
19-03-19 1:00,53361.48323,-64.85963554,53426.34287,53507.50836,,-146.0251222,-81.16548665,1,1
19-03-19 1:00,53365.8639,-57.0885735,53422.95248,53537.7909,,-171.9270018,-114.8384283,1,1
19-03-19 1:01,53370.23262,-49.32593959,53419.55856,53504.75269,,-134.5200717,-85.19413216,1,1
19-03-19 1:01,53374.58945,-41.5739173,53416.16337,53471.87336,,-97.28390731,-55.70999002,1,1
19-03-19 1:01,53378.93445,-33.83468712,53412.76914,53475.06118,,-96.126724,-62.29203688,1,1
19-03-19 1:01,53383.2677,-26.11042598,53409.37813,53457.51511,,-74.24740788,-48.1369819,1,1
19-03-19 1:01,53387.58925,-18.40330656,53405.99256,53481.2389,,-93.6496505,-75.24634393,1,1
19-03-19 1:01,53391.89917,-10.71549675,53402.61467,53461.16826,,-69.26908897,-58.55359222,1,1
19-03-19 1:02,53396.19752,-3.049158979,53399.24668,53468.16978,,-71.97226154,-68.92310256,1,1
19-03-19 1:02,53400.48436,4.593550341,53395.89081,53502.92069,,-102.4363373,-107.0298876,0,0
19-03-19 1:02,53404.75975,12.21048145,53392.54927,53491.39851,,-86.63875945,-98.84924091,0,0
19-03-19 1:02,53409.02376,19.79949185,53389.22426,53479.36985,,-70.34609503,-90.14558688,0,0
19-03-19 1:02,53413.27644,27.35844689,53385.91799,53450.40999,,-37.13354977,-64.49199666,0,0
19-03-19 1:02,53417.51785,34.88522036,53382.63263,53418.86742,,-1.349562403,-36.23478276,0,0
19-03-19 1:03,53421.74806,42.37769511,53379.37037,53470.05953,,-48.3114669,-90.689162,0,0
19-03-19 1:03,53425.96713,49.83376365,53376.13336,53460.62869,,-34.66155963,-84.49532328,0,0
19-03-19 1:03,53430.1751,57.25132872,53372.92377,53378.70539,,51.46971104,-5.781617682,1,0
19-03-19 1:03,53434.37205,64.62830389,53369.74374,53346.66343,,87.70861571,23.08031182,1,0
19-03-19 1:03,53438.55802,71.96261415,53366.59541,53304.74243,,133.8155846,61.85297045,1,0
19-03-19 1:03,53442.73308,79.25219648,53363.48088,53304.34406,,138.3890158,59.1368193,1,0
19-03-19 1:04,53446.89728,86.49500047,53360.40228,53290.20789,,156.6893888,70.19438834,1,0
19-03-19 1:04,53451.05067,93.68898883,53357.36168,53258.31431,,192.7363674,99.04737853,1,0
19-03-19 1:04,53455.19332,100.832138,53354.36119,53255.14452,,200.0488056,99.21666752,1,0
19-03-19 1:04,53459.32528,107.9224388,53351.40284,53291.35234,,167.9729382,60.05049939,1,0
19-03-19 1:04,53463.44661,114.9578968,53348.48871,53375.42769,,88.01891878,-26.93897805,1,0
19-03-19 1:04,53467.55735,121.9365331,53345.62082,53365.17042,,102.3869311,-19.54960205,1,0
19-03-19 1:05,53471.65757,128.8563847,53342.80118,53375.81191,,95.84565459,-33.01073012,1,0
19-03-19 1:05,53475.74731,135.7155052,53340.0318,53421.92312,,53.82418846,-81.89131673,0,0
19-03-19 1:05,53479.82663,142.5119652,53337.31467,53461.58467,,18.24195986,-124.2700053,0,0
19-03-19 1:05,53483.89559,149.243853,53334.65174,53460.84706,,23.04852943,-126.1953235,0,0
19-03-19 1:05,53487.95423,155.909275,53332.04496,53432.31395,,55.64027996,-100.2689951,0,0
19-03-19 1:05,53492.00261,162.5063564,53329.49626,53384.42549,,107.5771203,-54.9292361,1,0
19-03-19 1:06,53496.04078,169.0332416,53327.00754,53283.27949,,212.7612921,43.72805053,1,0
19-03-19 1:06,53500.06879,175.4880946,53324.5807,53293.43229,,206.636507,31.14841239,1,0
19-03-19 1:06,53504.0867,181.8690998,53322.2176,53357.37517,,146.7115259,-35.15757397,1,0
19-03-19 1:06,53508.09454,188.1744624,53319.92008,53393.8051,,114.2894464,-73.88501595,1,0
19-03-19 1:06,53512.09238,194.4024087,53317.68997,53497.1653,,14.92708247,-179.4753262,0,0
19-03-19 1:06,53516.08026,200.551187,53315.52908,53545.96741,,-29.8871437,-230.4383307,0,0
19-03-19 1:07,53520.05824,206.6190677,53313.43917,53558.13385,,-38.07561421,-244.6946819,0,0
19-03-19 1:07,53524.02635,212.6043439,53311.42201,53563.27334,,-39.24698477,-251.8513287,0,0
19-03-19 1:07,53527.98466,218.5053323,53309.47932,53508.73505,,19.24960895,-199.2557234,0,0
19-03-19 1:07,53531.9332,224.3203729,53307.61283,53418.03222,,113.9009837,-110.4193892,1,0
19-03-19 1:07,53535.87203,230.0478301,53305.8242,53314.98945,,220.8825806,-9.165249442,1,0
19-03-19 1:07,53539.80119,235.6860927,53304.1151,53248.30939,,291.4918046,55.80571189,1,0
19-03-19 1:08,53543.72074,241.233575,53302.48717,53308.17965,,235.541094,-5.692481,1,0
19-03-19 1:08,53547.63071,246.6887164,53300.942,53383.58077,,164.0499441,-82.63877238,1,0
19-03-19 1:08,53551.53116,252.0499826,53299.48118,53411.90336,,139.6278016,-112.422181,1,0
19-03-19 1:08,53555.42213,257.3158655,53298.10627,53358.84902,,196.5731103,-60.74275524,1,0
19-03-19 1:08,53559.30367,262.4848839,53296.81879,53267.22939,,292.0742819,29.58939798,1,0
19-03-19 1:08,53563.17582,267.5555839,53295.62024,53171.67144,,391.5043828,123.9487989,1,0
19-03-19 1:09,53567.03863,272.5265392,53294.51209,53100.14457,,466.8940611,194.3675219,1,0
19-03-19 1:09,53570.89214,277.3963514,53293.49579,53074.56847,,496.3236774,218.927326,1,0
19-03-19 1:09,53574.7364,282.1636509,53292.57275,53053.114,,521.6224046,239.4587537,1,0
19-03-19 1:09,53578.57146,286.8270967,53291.74436,53085.49504,,493.076412,206.2493153,1,0
19-03-19 1:09,53582.39735,291.385377,53291.01197,53148.54284,,433.8545041,142.4691271,1,0
19-03-19 1:09,53586.21411,295.8372097,53290.3769,53164.40794,,421.8061779,125.9689681,1,0
19-03-19 1:10,53590.02181,300.1813426,53289.84046,53151.8346,,438.1872102,138.0058676,1,0
19-03-19 1:10,53593.82046,304.4165536,53289.40391,53155.63896,,438.1815048,133.7649512,1,0
19-03-19 1:10,53597.61013,308.5416516,53289.06848,53166.30632,,431.303808,122.7621563,1,0
19-03-19 1:10,53601.39085,312.5554762,53288.83537,53154.30486,,447.0859926,134.5305164,1,0
19-03-19 1:10,53605.16266,316.4568984,53288.70576,53203.62255,,401.5401161,85.08321768,1,0
19-03-19 1:10,53608.92561,320.2448208,53288.68079,53255.25837,,353.6672376,33.42241671,1,0
19-03-19 1:11,53612.67973,323.918178,53288.76156,53294.7314,,317.9483311,-5.969846838,1,0
19-03-19 1:11,53616.42508,327.4759366,53288.94914,53277.87545,,338.5496261,11.0736895,1,0
19-03-19 1:11,53620.16168,330.9170959,53289.24458,53170.5023,,449.6593813,118.7422853,1,0
19-03-19 1:11,53623.88958,334.2406881,53289.6489,53073.64877,,550.2408139,216.0001258,1,0
19-03-19 1:11,53627.60883,337.4457782,53290.16305,53081.85921,,545.7496171,208.3038389,1,0
19-03-19 1:11,53631.31945,340.5314647,53290.78799,53122.1979,,509.1215514,168.5900867,1,0
19-03-19 1:12,53635.0215,343.4968796,53291.52462,53105.28288,,529.7386163,186.2417367,1,0
19-03-19 1:12,53638.715,346.3411889,53292.37381,53092.61833,,546.0966716,199.7554827,1,0
19-03-19 1:12,53642.4,349.0635925,53293.33641,53077.98161,,564.4183969,215.3548044,1,0
19-03-19 1:12,53646.07655,351.6633245,53294.41322,53035.33258,,610.7439661,259.0806416,1,0
19-03-19 1:12,53649.74467,354.1396539,53295.60501,52996.39174,,653.3529307,299.2132768,1,0
19-03-19 1:12,53653.4044,356.4918839,53296.91252,52978.13877,,675.2656325,318.7737486,1,0
19-03-19 1:13,53657.05579,358.719353,53298.33644,52984.32991,,672.7258857,314.0065327,1,0
19-03-19 1:13,53660.69887,360.8214347,53299.87744,53087.68109,,573.0177883,212.1963536,1,0
19-03-19 1:13,53664.33368,362.7975376,53301.53615,53194.61068,,469.7230004,106.9254628,1,0
19-03-19 1:13,53667.96026,364.6471059,53303.31316,53244.4035,,423.5567618,58.90965586,1,0
19-03-19 1:13,53671.57865,366.3696193,53305.20903,53268.24726,,403.3313806,36.96176121,1,0
19-03-19 1:13,53675.18887,367.9645934,53307.22428,53246.81692,,428.3719501,60.4073567,1,0
19-03-19 1:14,53678.79097,369.4315795,53309.35939,53201.00218,,477.7887897,108.3572101,1,0
19-03-19 1:14,53682.38499,370.770165,53311.61482,53171.37139,,511.0135937,140.2434287,1,0
19-03-19 1:14,53685.97095,371.9799733,53313.99098,53167.70755,,518.2633998,146.2834265,1,0
19-03-19 1:14,53689.54891,373.0606642,53316.48824,53259.98322,,429.5656843,56.50502008,1,0
19-03-19 1:14,53693.11888,374.0119336,53319.10695,53389.90215,,303.2167294,-70.7952042,1,0
19-03-19 1:14,53696.68092,374.833514,53321.8474,53440.74401,,255.9369116,-118.8966025,1,0
19-03-19 1:15,53700.23504,375.5251744,53324.70987,53495.55779,,204.6772498,-170.8479245,1,0
19-03-19 1:15,53703.7813,376.0867201,53327.69458,53544.26536,,159.5159425,-216.5707776,0,0
19-03-19 1:15,53707.31972,376.5179931,53330.80173,53547.30286,,160.0168597,-216.5011335,0,0
19-03-19 1:15,53710.85033,376.8188723,53334.03146,53553.12237,,157.7279595,-219.0909127,0,0
19-03-19 1:15,53714.37318,376.9892729,53337.38391,53544.845,,169.528185,-207.4610878,0,0
19-03-19 1:15,53717.8883,377.029147,53340.85915,53518.92164,,198.9666522,-178.0624948,1,0
19-03-19 1:16,53721.39571,376.9384835,53344.45723,53495.14627,,226.2494411,-150.6890424,1,0
19-03-19 1:16,53724.89546,376.7173077,53348.17815,53436.71555,,288.1799095,-88.53739815,1,0
19-03-19 1:16,53728.38757,376.365682,53352.02189,53392.58223,,335.8053429,-40.56033908,1,0
19-03-19 1:16,53731.87208,375.8837052,53355.98838,53383.3653,,348.5067831,-27.37692207,1,0
19-03-19 1:16,53735.34903,375.2715129,53360.07752,53400.73727,,334.611759,-40.65975383,1,0
19-03-19 1:16,53738.81844,374.5292772,53364.28917,53451.47846,,287.3399847,-87.18929257,1,0
19-03-19 1:17,53742.28036,373.6572071,53368.62315,53438.13848,,304.1418783,-69.51532885,1,0
19-03-19 1:17,53745.7348,372.6555478,53373.07925,53434.27947,,311.4553307,-61.20021708,1,0
19-03-19 1:17,53749.1818,371.5245809,53377.65722,53443.36748,,305.8143266,-65.71025429,1,0
19-03-19 1:17,53752.62141,370.2646247,53382.35678,53406.60718,,346.0142209,-24.25040383,1,0
19-03-19 1:17,53756.05363,368.8760336,53387.1776,53375.09382,,380.9598168,12.08378324,1,0
19-03-19 1:17,53759.47852,367.3591981,53392.11932,53390.91541,,368.5631067,1.203908633,1,0
19-03-19 1:18,53762.89609,365.7145448,53397.18155,53450.9991,,311.8969966,-53.81754825,1,0
19-03-19 1:18,53766.30639,363.9425365,53402.36385,53511.39326,,254.9131344,-109.0294021,1,0
19-03-19 1:18,53769.70944,362.0436715,53407.66577,53522.98943,,246.7200132,-115.3236583,1,0
19-03-19 1:18,53773.10527,360.018484,53413.08679,53484.7627,,288.3425657,-71.67591835,1,0
19-03-19 1:18,53776.49391,357.8675436,53418.62637,53473.83007,,302.6638461,-55.20369743,1,0
19-03-19 1:18,53779.8754,355.5914553,53424.28395,53504.63073,,275.2446721,-80.34678316,1,0
19-03-19 1:19,53783.24976,353.1908593,53430.0589,53554.09909,,229.1506745,-124.0401848,1,0
19-03-19 1:19,53786.61703,350.6664309,53435.9506,53589.4631,,197.1539217,-153.5125092,1,0
19-03-19 1:19,53789.97722,348.0188802,53441.95834,53628.19515,,161.7820701,-186.2368101,0,0
19-03-19 1:19,53793.33038,345.2489519,53448.08143,53634.89646,,158.4339221,-186.8150298,0,0
19-03-19 1:19,53796.67654,342.3574251,53454.31911,53500.57336,,296.1031731,-46.25425205,1,0
19-03-19 1:19,53800.01571,339.3451131,53460.6706,53272.87981,,527.1359041,187.7907909,1,0
19-03-19 1:20,53803.34794,336.2128633,53467.13507,53101.32873,,702.019208,365.8063447,1,0
19-03-19 1:20,53806.67324,332.9615567,53473.71168,53013.07138,,793.6018631,460.6403064,1,0
19-03-19 1:20,53809.99165,329.5921078,53480.39955,52981.34023,,828.6514246,499.0593167,1,0
19-03-19 1:20,53813.3032,326.1054644,53487.19774,53019.70386,,793.5993422,467.4938777,1,0
19-03-19 1:20,53816.60792,322.5026073,53494.10531,53091.2912,,725.3167169,402.8141096,1,0
19-03-19 1:20,53819.90583,318.7845498,53501.12128,53111.67732,,708.2285096,389.4439598,1,0
19-03-19 1:21,53823.19695,314.9523377,53508.24462,53156.13394,,667.0630135,352.1106757,1,0
19-03-19 1:21,53826.48133,311.0070491,53515.47428,53338.43643,,488.0449059,177.0378567,1,0
19-03-19 1:21,53829.75899,306.9497936,53522.80919,53508.12017,,321.6388167,14.68902305,1,0
19-03-19 1:21,53833.02994,302.7817125,53530.24823,53630.688,,202.3419432,-100.4397693,1,0
19-03-19 1:21,53836.29423,298.5039782,53537.79026,53726.20942,,110.0848152,-188.419163,0,0
19-03-19 1:21,53839.55188,294.1177939,53545.43409,53802.07444,,37.47744704,-256.6403469,0,0
19-03-19 1:22,53842.80292,289.6243934,53553.17852,53866.65295,,-23.85003695,-313.4744304,0,0
19-03-19 1:22,53846.04736,285.0250406,53561.02232,53908.17208,,-62.12471419,-347.1497548,0,0
19-03-19 1:22,53849.28525,280.3210293,53568.96422,53940.12038,,-90.83512803,-371.1561573,0,0
19-03-19 1:22,53852.5166,275.5136825,53577.00292,53959.23266,,-106.7160591,-382.2297416,0,0
19-03-19 1:22,53855.74144,270.6043525,53585.13709,53935.65372,,-79.91228345,-350.5166359,0,0
19-03-19 1:22,53858.9598,265.5944202,53593.36538,53916.13596,,-57.17615586,-322.770576,0,0
19-03-19 1:23,53862.1717,260.4852948,53601.68641,53966.82198,,-104.6502789,-365.1355737,0,0
19-03-19 1:23,53865.37718,255.2784134,53610.09876,54025.53576,,-160.1585823,-415.4369957,0,0
19-03-19 1:23,53868.57625,249.9752406,53618.60101,54011.76048,,-143.1842369,-393.1594775,0,0
19-03-19 1:23,53871.76894,244.5772682,53627.19167,53973.03933,,-101.2703886,-345.8476567,0,0
19-03-19 1:23,53874.95527,239.0860144,53635.86926,53980.80218,,-105.8469052,-344.9329195,0,0
19-03-19 1:23,53878.13528,233.5030238,53644.63226,53994.85727,,-116.7219893,-350.2250131,0,0
19-03-19 1:24,53881.30899,227.8298669,53653.47912,54045.1463,,-163.8373104,-391.6671773,0,0
19-03-19 1:24,53884.47641,222.0681394,53662.40827,54087.69148,,-203.2150709,-425.2832103,0,0
19-03-19 1:24,53887.63759,216.2194619,53671.41812,54050.31132,,-162.6737303,-378.8931922,0,0
19-03-19 1:24,53890.79253,210.2854797,53680.50705,53991.53701,,-100.7444804,-311.0299601,0,0
19-03-19 1:24,53893.94127,204.2678618,53689.67341,53960.45727,,-66.51600371,-270.7838655,0,0
19-03-19 1:24,53897.08383,198.1683009,53698.91553,53943.8459,,-46.76206554,-244.9303664,0,0
19-03-19 1:25,53900.22023,191.9885126,53708.23172,53921.97198,,-21.75174921,-213.7402618,0,0
19-03-19 1:25,53903.35051,185.7302352,53717.62027,53921.54266,,-18.19215073,-203.922386,0,0
19-03-19 1:25,53906.47467,179.3952292,53727.07944,53894.27178,,12.2028855,-167.1923437,0,0
19-03-19 1:25,53909.59275,172.9852763,53736.60747,53882.82647,,26.7662789,-146.2189974,0,0
19-03-19 1:25,53912.70477,166.5021797,53746.20259,53850.26213,,62.442639,-104.0595407,0,0
19-03-19 1:25,53915.81075,159.9477628,53755.86299,53762.69624,,153.114513,-6.833249822,1,0
19-03-19 1:26,53918.91072,153.3238694,53765.58685,53695.80584,,223.1048841,69.7810147,1,0
19-03-19 1:26,53922.0047,146.6323625,53775.37234,53682.78689,,239.2178125,92.58544993,1,0
19-03-19 1:26,53925.09271,139.8751245,53785.21759,53694.80986,,230.2828499,90.40772537,1,0
19-03-19 1:26,53928.17478,133.054056,53795.12072,53705.71336,,222.4614158,89.40735978,1,0
19-03-19 1:26,53931.25093,126.1710756,53805.07985,53702.30518,,228.9457462,102.7746706,1,0
19-03-19 1:26,53934.32117,119.2281194,53815.09305,53638.29268,,296.0284904,176.800371,1,0
19-03-19 1:27,53937.38554,112.2271404,53825.1584,53558.37832,,379.0072244,266.780084,1,0
19-03-19 1:27,53940.44406,105.1701077,53835.27395,53550.2516,,390.1924647,285.0223569,1,0
19-03-19 1:27,53943.49675,98.0590065,53845.43774,53624.91999,,318.576754,220.5177475,1,0
19-03-19 1:27,53946.54363,90.89583688,53855.64779,53745.27674,,201.2668883,110.3710514,1,0
19-03-19 1:27,53949.58472,83.68261376,53865.9021,53849.14179,,100.4429296,16.7603158,1,0
19-03-19 1:27,53952.62004,76.42136609,53876.19868,53899.26678,,53.35325906,-23.06810703,1,0
19-03-19 1:28,53955.64962,69.11413633,53886.53549,53939.56083,,16.08879858,-53.02533775,0,0
19-03-19 1:28,53958.67348,61.76297987,53896.9105,54046.97263,,-88.2991497,-150.0621296,0,0
19-03-19 1:28,53961.69164,54.36996447,53907.32168,54100.46366,,-138.7720146,-193.141979,0,0
19-03-19 1:28,53964.70413,46.93716965,53917.76696,54091.30284,,-126.5987116,-173.5358812,0,0
19-03-19 1:28,53967.71095,39.46668611,53928.24426,54107.56565,,-139.8546985,-179.3213846,0,0
19-03-19 1:28,53970.71214,31.96061517,53938.75152,54116.18796,,-145.4758191,-177.4364343,0,0
19-03-19 1:29,53973.70771,24.42106816,53949.28664,54138.73391,,-165.0261954,-189.4472635,0,0
19-03-19 1:29,53976.69769,16.85016582,53959.84753,54122.49251,,-145.794818,-162.6449838,0,0
19-03-19 1:29,53979.6821,9.250037702,53970.43206,54066.43316,,-86.75106492,-96.00110263,0,0
19-03-19 1:29,53982.66095,1.622821591,53981.03813,54018.09832,,-35.43736873,-37.06019032,0,0
19-03-19 1:29,53985.63428,-6.029337114,53991.66361,54011.57836,,-25.94408635,-19.91474924,1,1
19-03-19 1:29,53988.60209,-13.704286,54002.30637,54039.37114,,-50.76904927,-37.06476327,1,1
19-03-19 1:30,53991.56441,-21.39986623,54012.96427,54054.75917,,-63.19476473,-41.79489849,1,1
19-03-19 1:30,53994.52126,-29.11391319,54023.63517,54024.19188,,-29.67062142,-0.556708232,1,1
19-03-19 1:30,53997.47265,-36.84425705,54034.31691,53951.66814,,45.80451938,82.64877643,0,1
19-03-19 1:30,54000.41862,-44.5887234,54045.00735,53863.27792,,137.1407008,181.7294242,0,1
19-03-19 1:30,54003.35918,-52.34513386,54055.70432,53825.78732,,177.5718614,229.9169952,0,1
19-03-19 1:30,54006.29435,-60.11130669,54066.40566,53856.43231,,149.8620436,209.9733502,0,1
19-03-19 1:31,54009.22415,-67.8850574,54077.1092,53891.43821,,117.7859319,185.6709894,0,1
19-03-19 1:31,54012.14859,-75.66419939,54087.81279,53904.36761,,107.7809803,183.4451797,0,1
19-03-19 1:31,54015.06771,-83.44654451,54098.51425,53887.19229,,127.8754152,211.3219597,0,1
19-03-19 1:31,54017.98151,-91.22990373,54109.21141,53831.74536,,186.2361475,277.4660513,0,1
19-03-19 1:31,54020.89002,-99.01208773,54119.9021,53753.78022,,267.109793,366.1218807,0,1
19-03-19 1:31,54023.79325,-106.7909075,54130.58416,53720.61192,,303.1813343,409.9722418,0,1
19-03-19 1:32,54026.69123,-114.564175,54141.25541,53771.32654,,255.3646954,369.9288704,0,1
19-03-19 1:32,54029.58398,-122.3297038,54151.91368,53829.94821,,199.6357626,321.9654665,0,1
19-03-19 1:32,54032.4715,-130.0853096,54162.55681,53820.98215,,211.4893578,341.5746674,0,1
19-03-19 1:32,54035.35383,-137.8288108,54173.18264,53897.03622,,138.3176136,276.1464244,0,1
19-03-19 1:32,54038.23098,-145.5580294,54183.78901,53987.52879,,50.70219081,196.2602202,0,1
19-03-19 1:32,54041.10297,-153.2707912,54194.37376,54037.52033,,3.582647079,156.8534382,0,1
19-03-19 1:33,54043.96982,-160.9649267,54204.93475,54078.94697,,-34.97715091,125.9877758,0,1
19-03-19 1:33,54046.83154,-168.6382719,54215.46981,54115.38879,,-68.55724389,100.081028,0,1
19-03-19 1:33,54049.68816,-176.2886682,54225.97683,54127.83066,,-78.14250371,98.1461645,0,1
19-03-19 1:33,54052.53969,-183.9139638,54236.45365,54092.56119,,-40.02150407,143.8924597,0,1
19-03-19 1:33,54055.38615,-191.5120138,54246.89816,53994.71495,,60.67120003,252.1832138,0,1
19-03-19 1:33,54058.22756,-199.080681,54257.30824,53863.61547,,194.6120847,393.6927658,0,1
,,4699.061539,,,,,0,402,236
