,id,pred_log_sin,pred_diff_sin,pred_f2_sin,pred_log_rf,pred_diff_rf,pred_f2_rf,pred_log_train,pred_diff_sin_train,pred_f2_train
0,564,54061.06393495731,-235.97664430909128,54297.0405792664,54061.06393495731,126.66897982249291,53934.39495513482,,,
1,565,54063.895294825226,-243.47322143620846,54307.368516261435,54063.895294825226,126.66897982249291,53937.226315002736,,,
2,566,54066.721656703136,-250.9271903882912,54317.64884709143,54066.721656703136,126.66897982249291,53940.052676880645,,,
3,567,54069.54303820511,-258.33641610297735,54327.87945430809,54069.54303820511,126.66897982249291,53942.87405838262,,,
4,568,54072.35945685228,-265.69877633384016,54338.05823318612,54072.35945685228,126.66897982249291,53945.69047702979,,,
5,569,54075.170930073466,-273.0121622582744,54348.18309233174,54075.170930073466,126.66897982249291,53948.501950250975,,,
6,570,54077.97747520586,-280.27447908153,54358.251954287385,54077.97747520586,126.66897982249291,53951.30849538337,,,
7,571,54080.779109495605,-287.4836466367284,54368.26275613233,54080.779109495605,126.66897982249291,53954.110129673114,,,
8,572,54083.57585009851,-294.6375999806952,54378.21345007921,54083.57585009851,126.66897982249291,53956.90687027602,,,
9,573,54086.36771408064,-301.73428998542585,54388.102004066066,54086.36771408064,126.66897982249291,53959.69873425815,,,
10,574,54089.15471841891,-308.77168392502097,54397.92640234393,54089.15471841891,126.66897982249291,53962.48573859642,,,
11,575,54091.93688000176,-315.7477660579315,54407.68464605969,54091.93688000176,126.66897982249291,53965.26790017927,,,
12,576,54094.714215629756,-322.6605382043274,54417.37475383408,54094.714215629756,126.66897982249291,53968.045235807265,,,
13,577,54097.48674201616,-329.50802031844745,54426.99476233461,54097.48674201616,126.66897982249291,53970.81776219367,,,
14,578,54100.25447578757,-336.2882510557473,54436.54272684332,54100.25447578757,126.66897982249291,53973.58549596508,,,
15,579,54103.017433484536,-342.99928833469136,54446.01672181923,54103.017433484536,126.66897982249291,53976.348453662045,,,
16,580,54105.77563156209,-349.6392098930328,54455.414841455124,54105.77563156209,126.66897982249291,53979.1066517396,,,
17,581,54108.52908639041,-356.2061138384109,54464.73520022882,54108.52908639041,126.66897982249291,53981.86010656792,,,
18,582,54111.277814255314,-362.69811919311354,54473.975933448426,54111.277814255314,126.66897982249291,53984.608834432824,,,
19,583,54114.021831358936,-369.1133664328557,54483.135197791795,54114.021831358936,126.66897982249291,53987.352851536445,,,
20,584,54116.761153820225,-375.4500180194057,54492.21117183963,54116.761153820225,126.66897982249291,53990.092173997735,,,
21,585,54119.49579767554,-381.7062589269156,54501.20205660246,54119.49579767554,126.66897982249291,53992.82681785305,,,
22,586,54122.225778879234,-387.8802971618076,54510.10607604104,54122.225778879234,126.66897982249291,53995.55679905674,,,
23,587,54124.95111330415,-393.9703642760586,54518.92147758021,54124.95111330415,126.66897982249291,53998.28213348166,,,
24,588,54127.67181674227,-399.97471587374,54527.64653261601,54127.67181674227,126.66897982249291,54001.00283691978,,,
25,589,54130.38790490516,-405.8916321106742,54536.279537015835,54130.38790490516,126.66897982249291,54003.71892508267,,,
26,590,54133.0993934246,-411.71941818705045,54544.81881161165,54133.0993934246,126.66897982249291,54006.43041360211,,,
27,591,54135.80629785306,-417.4564048328747,54553.26270268593,54135.80629785306,126.66897982249291,54009.13731803057,,,
28,592,54138.50863366428,-423.1009487861026,54561.60958245038,54138.50863366428,126.66897982249291,54011.83965384179,,,
29,593,54141.20641625377,-428.6514332633216,54569.857849517095,54141.20641625377,126.66897982249291,54014.53743643128,,,
30,594,54143.89966093938,-434.1062684228547,54578.00592936223,54143.89966093938,126.66897982249291,54017.23068111689,,,
31,595,54146.58838296176,-439.4638918201418,54586.052274781905,54146.58838296176,126.66897982249291,54019.91940313927,,,
32,596,54149.27259748492,-444.7227688552734,54593.9953663402,54149.27259748492,126.66897982249291,54022.60361766243,,,
33,597,54151.95231959674,-449.8813932125542,54601.8337128093,54151.95231959674,126.66897982249291,54025.28333977425,,,
34,598,54154.62756430947,-454.93828729195985,54609.56585160143,54154.62756430947,126.66897982249291,54027.95858448698,,,
35,599,54157.298346560216,-459.89200263236836,54617.190349192584,54157.298346560216,126.66897982249291,54030.629366737725,,,
36,600,54159.96468121148,-464.74112032645104,54624.70580153793,54159.96468121148,126.66897982249291,54033.29570138899,,,
37,601,54162.62658305165,-469.4842514270917,54632.11083447874,54162.62658305165,126.66897982249291,54035.95760322916,,,
38,602,54165.284066795444,-474.12003734522625,54639.40410414067,54165.284066795444,126.66897982249291,54038.61508697295,,,
39,603,54167.93714708445,-478.64715023899055,54646.58429732344,54167.93714708445,126.66897982249291,54041.26816726196,,,
40,604,54170.585838487605,-483.06429339405406,54653.65013188166,54170.585838487605,126.66897982249291,54043.916858665114,,,
41,605,54173.230155501646,-487.370201595045,54660.60035709669,54173.230155501646,126.66897982249291,54046.561175679155,,,
42,606,54175.87011255161,-491.5636414879484,54667.43375403956,54175.87011255161,126.66897982249291,54049.20113272912,,,
43,607,54178.50572399129,-495.6434119333779,54674.14913592467,54178.50572399129,126.66897982249291,54051.8367441688,,,
44,608,54181.13700410374,-499.60834435062435,54680.74534845436,54181.13700410374,126.66897982249291,54054.46802428125,,,
45,609,54183.76396710167,-503.45730305237436,54687.22127015405,54183.76396710167,126.66897982249291,54057.09498727918,,,
46,610,54186.386627127984,-507.1891855700076,54693.57581269799,54186.386627127984,126.66897982249291,54059.71764730549,,,
47,611,54189.00499825619,-510.8029229693827,54699.807921225576,54189.00499825619,126.66897982249291,54062.3360184337,,,
48,612,54191.61909449085,-514.2974801570132,54705.91657464787,54191.61909449085,126.66897982249291,54064.95011466836,,,
49,613,54194.22892976807,-517.6718561765524,54711.90078594462,54194.22892976807,126.66897982249291,54067.55994994558,,,
50,614,54196.8345179559,-520.9250844955019,54717.7596024514,54196.8345179559,126.66897982249291,54070.165538133406,,,
51,615,54199.435872854796,-524.056233282057,54723.49210613685,54199.435872854796,126.66897982249291,54072.766893032305,,,
52,616,54202.03300819807,-527.0644056720137,54729.097413870084,54202.03300819807,126.66897982249291,54075.36402837558,,,
53,617,54204.62593765231,-529.9487400256619,54734.57467767797,54204.62593765231,126.66897982249291,54077.95695782982,,,
54,618,54207.21467481782,-532.7084101745852,54739.923084992406,54207.21467481782,126.66897982249291,54080.54569499533,,,
55,619,54209.799233229016,-535.342625658305,54745.14185888732,54209.799233229016,126.66897982249291,54083.130253406525,,,
56,620,54212.379626354916,-537.8506319506928,54750.23025830561,54212.379626354916,126.66897982249291,54085.710646532425,,,
57,621,54214.95586759949,-540.2317106760916,54755.18757827558,54214.95586759949,126.66897982249291,54088.286887777,,,
58,622,54217.52797030214,-542.4851798150831,54760.01315011722,54217.52797030214,126.66897982249291,54090.858990479646,,,
59,623,54220.09594773805,-544.6103938998402,54764.706341637895,54220.09594773805,126.66897982249291,54093.42696791556,,,
60,624,54222.65981311866,-546.6067441990095,54769.26655731767,54222.65981311866,126.66897982249291,54095.99083329617,,,
61,625,54225.21957959205,-548.4736588920733,54773.69323848412,54225.21957959205,126.66897982249291,54098.55059976956,,,
62,626,54227.7752602433,-550.2106032331369,54777.98586347644,54227.7752602433,126.66897982249291,54101.10628042081,,,
63,627,54230.326868094984,-551.8170797040976,54782.14394779908,54230.326868094984,126.66897982249291,54103.65788827249,,,
64,628,54232.87441610749,-553.292628157151,54786.167044264635,54232.87441610749,126.66897982249291,54106.205436284996,,,
65,629,54235.41791717941,-554.6368259465913,54790.054743126,54235.41791717941,126.66897982249291,54108.74893735692,,,
66,630,54237.95738414803,-555.8492880498719,54793.806672197905,54237.95738414803,126.66897982249291,54111.28840432554,,,
67,631,54240.4928297896,-556.9296671778884,54797.42249696748,54240.4928297896,126.66897982249291,54113.823849967106,,,
68,632,54243.02426681979,-557.8776538744529,54800.90192069424,54243.02426681979,126.66897982249291,54116.3552869973,,,
69,633,54245.55170789405,-558.6929766049335,54804.24468449898,54245.55170789405,126.66897982249291,54118.882728071556,,,
70,634,54248.07516560799,-559.3754018340304,54807.45056744202,54248.07516560799,126.66897982249291,54121.4061857855,,,
71,635,54250.59465249776,-559.9247340926676,54810.51938659043,54250.59465249776,126.66897982249291,54123.92567267527,,,
72,636,54253.11018104044,-560.3408160339823,54813.450997074426,54253.11018104044,126.66897982249291,54126.44120121795,,,
73,637,54255.62176365437,-560.6235284783941,54816.245292132764,54255.62176365437,126.66897982249291,54128.95278383188,,,
74,638,54258.12941269956,-560.7727904477416,54818.90220314731,54258.12941269956,126.66897982249291,54131.46043287707,,,
75,639,54260.633140478036,-560.7885591884778,54821.42169966651,54260.633140478036,126.66897982249291,54133.964160655545,,,
76,640,54263.13295923419,-560.6708301839157,54823.80378941811,54263.13295923419,126.66897982249291,54136.4639794117,,,
77,641,54265.628881155164,-560.419637155522,54826.04851831069,54265.628881155164,126.66897982249291,54138.95990133267,,,
78,642,54268.120918371176,-560.0350520532585,54828.155970424436,54268.120918371176,126.66897982249291,54141.451938548686,,,
79,643,54270.60908295593,-559.5171850349728,54830.126267990905,54270.60908295593,126.66897982249291,54143.94010313344,,,
80,644,54273.09338692691,-558.8661844348462,54831.95957136175,54273.09338692691,126.66897982249291,54146.424407104416,,,
81,645,54275.57384224572,-558.0822367209049,54833.656078966626,54275.57384224572,126.66897982249291,54148.90486242323,,,
82,646,54278.05046081851,-557.1655664416104,54835.21602726012,54278.05046081851,126.66897982249291,54151.38148099602,,,
83,647,54280.52325449622,-556.1164361615405,54836.63969065776,54280.52325449622,126.66897982249291,54153.85427467373,,,
84,648,54282.992235075,-554.9351463861829,54837.92738146118,54282.992235075,126.66897982249291,54156.32325525251,,,
85,649,54285.4574142965,-553.6220354758602,54839.07944977236,54285.4574142965,126.66897982249291,54158.78843447401,,,
86,650,54287.91880384822,-552.1774795488124,54840.096283397026,54287.91880384822,126.66897982249291,54161.24982402573,,,
87,651,54290.37641536383,-550.601892373464,54840.9783077373,54290.37641536383,126.66897982249291,54163.70743554134,,,
88,652,54292.83026042354,-548.8957252499079,54841.72598567345,54292.83026042354,126.66897982249291,54166.16128060105,,,
89,653,54295.280350554385,-547.0594668806368,54842.33981743502,54295.280350554385,126.66897982249291,54168.611370731895,,,
90,654,54297.72669723055,-545.093643230564,54842.82034046111,54297.72669723055,126.66897982249291,54171.05771740806,,,
91,655,54300.16931187372,-542.9988173763693,54843.16812925009,54300.16931187372,126.66897982249291,54173.500332051226,,,
92,656,54302.608205853394,-540.7755893452148,54843.383795198606,54302.608205853394,126.66897982249291,54175.9392260309,,,
93,657,54305.043390487175,-538.4245959428779,54843.467986430056,54305.043390487175,126.66897982249291,54178.374410664685,,,
94,658,54307.474877041124,-535.9465105713492,54843.42138761247,54307.474877041124,126.66897982249291,54180.80589721863,,,
95,659,54309.90267673005,-533.3420430359473,54843.244719766,54309.90267673005,126.66897982249291,54183.23369690756,,,
96,660,54312.32680071781,-530.6119393420082,54842.93874005982,54312.32680071781,126.66897982249291,54185.65782089532,,,
97,661,54314.74726011765,-527.756981481204,54842.50424159885,54314.74726011765,126.66897982249291,54188.07828029516,,,
98,662,54317.164065992474,-524.777987207554,54841.94205320003,54317.164065992474,126.66897982249291,54190.49508616998,,,
99,663,54319.577229355185,-521.6758098031958,54841.25303915838,54319.577229355185,126.66897982249291,54192.908249532695,,,
100,664,54321.98676116894,-518.4513378339738,54840.43809900292,54321.98676116894,126.66897982249291,54195.31778134645,,,
101,665,54324.392672347516,-515.105494894926,54839.49816724244,54324.392672347516,126.66897982249291,54197.723692525025,,,
102,666,54326.79497375552,-511.6392393457375,54838.43421310125,54326.79497375552,126.66897982249291,54200.12599393303,,,
103,667,54329.19367620875,-508.05356403623216,54837.24724024498,54329.19367620875,126.66897982249291,54202.52469638626,,,
104,668,54331.58879047448,-504.34949602198867,54835.93828649647,54331.58879047448,126.66897982249291,54204.91981065199,,,
105,669,54333.98032727172,-500.52809627015944,54834.508423541876,54333.98032727172,126.66897982249291,54207.31134744923,,,
106,670,54336.36829727151,-496.5904593555721,54832.958756627086,54336.36829727151,126.66897982249291,54209.69931744902,,,
107,671,54338.75271109724,-492.5377131472083,54831.29042424444,54338.75271109724,126.66897982249291,54212.083731274746,,,
108,672,54341.133579324895,-488.3710184851465,54829.50459781004,54341.133579324895,126.66897982249291,54214.464599502404,,,
109,673,54343.510912483354,-484.0915688480557,54827.60248133141,54343.510912483354,126.66897982249291,54216.841932660864,,,
110,674,54345.88472105467,-479.7005900113477,54825.58531106602,54345.88472105467,126.66897982249291,54219.215741232176,,,
111,675,54348.25501547434,-475.1993396960711,54823.454355170405,54348.25501547434,126.66897982249291,54221.586035651846,,,
112,676,54350.621806131574,-470.58910720866015,54821.210913340234,54350.621806131574,126.66897982249291,54223.95282630908,,,
113,677,54352.98510336959,-465.8712130716363,54818.856316441226,54352.98510336959,126.66897982249291,54226.3161235471,,,
114,678,54355.34491748588,-461.0470086453642,54816.39192613125,54355.34491748588,126.66897982249291,54228.67593766339,,,
115,679,54357.701258732464,-456.1178757409788,54813.819134473444,54357.701258732464,126.66897982249291,54231.032278909974,,,
116,680,54360.054137316154,-451.0852262245907,54811.139363540744,54360.054137316154,126.66897982249291,54233.38515749366,,,
117,681,54362.40356339885,-445.95050161287844,54808.35406501173,54362.40356339885,126.66897982249291,54235.73458357636,,,
118,682,54364.74954709778,-440.7151726601915,54805.464719757976,54364.74954709778,126.66897982249291,54238.08056727529,,,
119,683,54367.09209848575,-435.38073893728017,54802.47283742303,54367.09209848575,126.66897982249291,54240.42311866326,,,
120,684,54369.43122759144,-429.948728401765,54799.37995599321,54369.43122759144,126.66897982249291,54242.76224776895,,,
121,685,54371.76694439963,-424.4206969604817,54796.187641360106,54371.76694439963,126.66897982249291,54245.09796457714,,,
122,686,54374.09925885147,-418.79822802381955,54792.89748687529,54374.09925885147,126.66897982249291,54247.43027902898,,,
123,687,54376.42818084473,-413.0829320521765,54789.5111128969,54376.42818084473,126.66897982249291,54249.759201022236,,,
124,688,54378.753720234046,-407.2764460946748,54786.030166328725,54378.753720234046,126.66897982249291,54252.084740411556,,,
125,689,54381.07588683119,-401.38043332025234,54782.45632015144,54381.07588683119,126.66897982249291,54254.4069070087,,,
126,690,54383.394690405294,-395.3965825412776,54778.79127294657,54383.394690405294,126.66897982249291,54256.7257105828,,,
127,691,54385.710140683106,-389.3266077298205,54775.036748412924,54385.710140683106,126.66897982249291,54259.041160860615,,,
128,692,54388.02224734925,-383.17224752671,54771.194494875956,54388.02224734925,126.66897982249291,54261.353267526756,,,
129,693,54390.33102004644,-376.93526474353257,54767.26628478997,54390.33102004644,126.66897982249291,54263.66204022395,,,
130,694,54392.63646837574,-370.6174458577063,54763.25391423345,54392.63646837574,126.66897982249291,54265.96748855325,,,
131,695,54394.93860189682,-364.2206005007711,54759.15920239759,54394.93860189682,126.66897982249291,54268.26962207433,,,
132,696,54397.237430128145,-357.74656094005286,54754.9839910682,54397.237430128145,126.66897982249291,54270.568450305655,,,
133,697,54399.53296254725,-351.19718155384334,54750.73014410109,54399.53296254725,126.66897982249291,54272.86398272476,,,
134,698,54401.825208590984,-344.5743383002411,54746.399546891225,54401.825208590984,126.66897982249291,54275.156228768494,,,
135,699,54404.11417765569,-337.8799281798177,54741.99410583551,54404.11417765569,126.66897982249291,54277.4451978332,,,
136,700,54406.399879097495,-331.11586869225573,54737.51574778975,54406.399879097495,126.66897982249291,54279.730899275004,,,
137,701,54408.682322232504,-324.2840972871092,54732.96641951962,54408.682322232504,126.66897982249291,54282.01334241001,,,
138,702,54410.96151633705,-317.3865708088598,54728.34808714591,54410.96151633705,126.66897982249291,54284.29253651456,,,
139,703,54413.23747064787,-310.42526493640696,54723.66273558428,54413.23747064787,126.66897982249291,54286.56849082538,,,
140,704,54415.51019436243,-303.4021736171705,54718.9123679796,54415.51019436243,126.66897982249291,54288.84121453994,,,
141,705,54417.77969663904,-296.31930849596057,54714.099005135,54417.77969663904,126.66897982249291,54291.11071681655,,,
142,706,54420.04598659712,-289.17869833877216,54709.22468493589,54420.04598659712,126.66897982249291,54293.37700677463,,,
143,707,54422.30907331745,-281.9823884516814,54704.29146176913,54422.30907331745,126.66897982249291,54295.640093494956,,,
144,708,54424.56896584233,-274.73244009500496,54699.30140593733,54424.56896584233,126.66897982249291,54297.89998601984,,,
145,709,54426.825673175845,-267.4309298928828,54694.25660306873,54426.825673175845,126.66897982249291,54300.156693353354,,,
146,710,54429.079204284055,-260.07994923846655,54689.15915352252,54429.079204284055,126.66897982249291,54302.410224461564,,,
147,711,54431.32956809522,-252.68160369487822,54684.0111717901,54431.32956809522,126.66897982249291,54304.66058827273,,,
148,712,54433.5767735,-245.23801239210258,54678.8147858921,54433.5767735,126.66897982249291,54306.90779367751,,,
149,713,54435.820829351665,-237.75130742000096,54673.57213677167,54435.820829351665,126.66897982249291,54309.151849529175,,,
150,714,54438.06174446634,-230.22363321761298,54668.28537768395,54438.06174446634,126.66897982249291,54311.392764643846,,,
151,715,54440.29952762315,-222.65714595891262,54662.95667358206,54440.29952762315,126.66897982249291,54313.63054780066,,,
152,716,54442.5341875645,-215.05401293521558,54657.58820049972,54442.5341875645,126.66897982249291,54315.86520774201,,,
153,717,54444.76573299621,-207.4164119343901,54652.1821449306,54444.76573299621,126.66897982249291,54318.09675317372,,,
154,718,54446.994172587765,-199.74653061706886,54646.740703204836,54446.994172587765,126.66897982249291,54320.325192765275,,,
155,719,54449.219514972494,-192.04656589003338,54641.26608086253,54449.219514972494,126.66897982249291,54322.55053515,,,
156,720,54451.44176874779,-184.31872327694296,54635.76049202473,54451.44176874779,126.66897982249291,54324.7727889253,,,
157,721,54453.66094247528,-176.56521628660204,54630.226158761885,54453.66094247528,126.66897982249291,54326.99196265279,,,
158,722,54455.87704468107,-168.78826577894097,54624.665310460005,54455.87704468107,126.66897982249291,54329.208064858576,,,
159,723,54458.09008385587,-160.99009932888367,54619.08018318475,54458.09008385587,126.66897982249291,54331.421104033376,,,
160,724,54460.30006845527,-153.17295058829913,54613.473019043566,54460.30006845527,126.66897982249291,54333.63108863278,,,
161,725,54462.50700689989,-145.33905864621244,54607.8460655461,54462.50700689989,126.66897982249291,54335.8380270774,,,
162,726,54464.71090757555,-137.49066738745083,54602.201574963,54464.71090757555,126.66897982249291,54338.04192775306,,,
163,727,54466.91177883353,-129.63002484992376,54596.54180368345,54466.91177883353,126.66897982249291,54340.24279901104,,,
164,728,54469.10962899068,-121.75938258071315,54590.86901157139,54469.10962899068,126.66897982249291,54342.44064916819,,,
165,729,54471.30446632967,-113.88099499115029,54585.18546132082,54471.30446632967,126.66897982249291,54344.63548650718,,,
166,730,54473.496299099155,-105.99711871108478,54579.49341781024,54473.496299099155,126.66897982249291,54346.827319276665,,,
167,731,54475.68513551395,-98.11001194250561,54573.795147456454,54475.68513551395,126.66897982249291,54349.01615569146,,,
168,732,54477.870983755245,-90.22193381272014,54568.09291756796,54477.870983755245,126.66897982249291,54351.202003932754,,,
169,733,54480.05385197075,-82.33514372726808,54562.38899569801,54480.05385197075,126.66897982249291,54353.38487214826,,,
170,734,54482.233748274884,-74.45190072274828,54556.685648997634,54482.233748274884,126.66897982249291,54355.564768452394,,,
171,735,54484.41068074902,-66.57446281975875,54550.985143568774,54484.41068074902,126.66897982249291,54357.74170092653,,,
172,736,54486.58465744155,-58.70508637612757,54545.28974381767,54486.58465744155,126.66897982249291,54359.91567761906,,,
173,737,54488.755686368175,-50.84602544061271,54539.601711808784,54488.755686368175,126.66897982249291,54362.086706545684,,,
174,738,54490.92377551201,-42.99953110727066,54533.92330661928,54490.92377551201,126.66897982249291,54364.25479568952,,,
175,739,54493.08893282379,-35.16785087067135,54528.25678369446,54493.08893282379,126.66897982249291,54366.4199530013,,,
176,740,54495.251166222035,-27.35322798213673,54522.60439420417,54495.251166222035,126.66897982249291,54368.582186399544,,,
177,741,54497.41048359324,-19.557900807202145,54516.96838440044,54497.41048359324,126.66897982249291,54370.74150377075,,,
178,742,54499.56689279202,-11.78410218447705,54511.3509949765,54499.56689279202,126.66897982249291,54372.89791296953,,,
179,743,54501.7204016413,-4.034058786080848,54505.75446042738,54501.7204016413,126.66897982249291,54375.05142181881,,,
180,744,54503.87101793249,3.6900095201430076,54500.18100841235,54503.87101793249,126.66897982249291,54377.20203811,,,
181,745,54506.01874942565,11.385890306475886,54494.63285911918,54506.01874942565,126.66897982249291,54379.34976960316,,,
182,746,54508.163603849636,19.051379219033805,54489.112224630604,54508.163603849636,126.66897982249291,54381.494624027146,,,
183,747,54510.3055889023,26.68428060916466,54483.621308293135,54510.3055889023,126.66897982249291,54383.63660907981,,,
184,748,54512.44471225064,34.28240816235912,54478.16230408828,54512.44471225064,126.66897982249291,54385.77573242815,,,
185,749,54514.58098153095,41.84358552448073,54472.737396006465,54514.58098153095,126.66897982249291,54387.91200170846,,,
186,750,54516.71440434901,49.365646925143196,54467.34875742387,54516.71440434901,126.66897982249291,54390.04542452652,,,
187,751,54518.84498828026,56.84643779806301,54461.998550482196,54518.84498828026,126.66897982249291,54392.17600845777,,,
188,752,54520.9727408699,64.28381539819593,54456.6889254717,54520.9727408699,126.66897982249291,54394.303761047406,,,
189,753,54523.097669633105,71.67564941548746,54451.422020217615,54523.097669633105,126.66897982249291,54396.428689810615,,,
190,754,54525.21978205518,79.0198225850685,54446.19995947011,54525.21978205518,126.66897982249291,54398.55080223269,,,
191,755,54527.339085591695,86.3142312937075,54441.02485429799,54527.339085591695,126.66897982249291,54400.670105769204,,,
192,756,54529.45558766865,93.55678618235213,54435.8988014863,54529.45558766865,126.66897982249291,54402.78660784616,,,
193,757,54531.56929568265,100.7454127445963,54430.82388293806,54531.56929568265,126.66897982249291,54404.90031586016,,,
194,758,54533.68021700103,107.87805192088062,54425.802165080146,54533.68021700103,126.66897982249291,54407.011237178536,,,
195,759,54535.788358962025,114.95266068828063,54420.835698273746,54535.788358962025,126.66897982249291,54409.119379139534,,,
196,760,54537.893728874944,121.96721264569321,54415.92651622925,54537.893728874944,126.66897982249291,54411.22474905245,,,
197,761,54539.99633402027,128.91969859426285,54411.076635426005,54539.99633402027,126.66897982249291,54413.327354197776,,,
198,762,54542.09618164986,135.80812711288655,54406.28805453698,54542.09618164986,126.66897982249291,54415.42720182737,,,
199,763,54544.19327898708,142.63052512862038,54401.56275385846,54544.19327898708,126.66897982249291,54417.52429916459,,,
200,764,54546.28763322692,149.38493848183032,54396.90269474509,54546.28763322692,126.66897982249291,54419.61865340443,,,
201,765,54548.379251536215,156.0694324859325,54392.30981905028,54548.379251536215,126.66897982249291,54421.710271713724,,,
202,766,54550.46814105373,162.6820924815487,54387.78604857218,54550.46814105373,126.66897982249291,54423.79916123124,,,
203,767,54552.55430889032,169.22102438492624,54383.333284505396,54552.55430889032,126.66897982249291,54425.88532906783,,,
204,768,54554.63776212909,175.6843552304698,54378.95340689862,54554.63776212909,126.66897982249291,54427.9687823066,,,
205,769,54556.71850782553,182.07023370721862,54374.648274118306,54556.71850782553,126.66897982249291,54430.04952800304,,,
206,770,54558.79655300765,188.37683068912077,54370.419722318526,54558.79655300765,126.66897982249291,54432.12757318516,,,
207,771,54560.87190467613,194.60233975896006,54366.26956491717,54560.87190467613,126.66897982249291,54434.20292485364,,,
208,772,54562.944569804495,200.74497772576802,54362.19959207872,54562.944569804495,126.66897982249291,54436.275589982004,,,
209,773,54565.014555339185,206.80298513559308,54358.211570203595,54565.014555339185,126.66897982249291,54438.345575516694,,,
210,774,54567.08186819975,212.77462677546436,54354.307241424285,54567.08186819975,126.66897982249291,54440.41288837726,,,
211,775,54569.14651527897,218.65819217041184,54350.488323108555,54569.14651527897,126.66897982249291,54442.47753545648,,,
212,776,54571.20850344299,224.4519960734067,54346.75650736959,54571.20850344299,126.66897982249291,54444.5395236205,,,
213,777,54573.26783953147,230.1543789480695,54343.1134605834,54573.26783953147,126.66897982249291,54446.59885970898,,,
214,778,54575.324530357706,235.76370744401441,54339.56082291369,54575.324530357706,126.66897982249291,54448.655550535215,,,
215,779,54577.378582708785,241.27837486469826,54336.10020784409,54577.378582708785,126.66897982249291,54450.709602886294,,,
216,780,54579.43000334568,246.69680162762938,54332.73320171805,54579.43000334568,126.66897982249291,54452.76102352319,,,
217,781,54581.47879900344,252.01743571681067,54329.46136328663,54581.47879900344,126.66897982249291,54454.80981918095,,,
218,782,54583.52497639128,257.2387531272917,54326.28622326399,54583.52497639128,126.66897982249291,54456.85599656879,,,
219,783,54585.56854219271,262.35925830168986,54323.209283891025,54585.56854219271,126.66897982249291,54458.89956237022,,,
220,784,54587.609503065716,267.37748455857104,54320.232018507144,54587.609503065716,126.66897982249291,54460.940523243225,,,
221,785,54589.64786564283,272.2919945125537,54317.355871130276,54589.64786564283,126.66897982249291,54462.97888582034,,,
222,786,54591.683636531285,277.10138048602204,54314.582256045265,54591.683636531285,126.66897982249291,54465.014656708794,,,
223,787,54593.71682231316,281.8042649123343,54311.91255740083,54593.71682231316,126.66897982249291,54467.04784249067,,,
224,788,54595.74742954547,286.39930073040176,54309.348128815065,54595.74742954547,126.66897982249291,54469.078449722976,,,
225,789,54597.775464760336,290.8851717705299,54306.8902929898,54597.775464760336,126.66897982249291,54471.106484937845,,,
226,790,54599.80093446507,295.26059313141565,54304.54034133365,54599.80093446507,126.66897982249291,54473.13195464258,,,
227,791,54601.82384514233,299.52431154818413,54302.299533594145,54601.82384514233,126.66897982249291,54475.15486531984,,,
228,792,54603.84420325024,303.6751057513636,54300.16909749888,54603.84420325024,126.66897982249291,54477.17522342775,,,
229,793,54605.86201522249,307.7117868167001,54298.15022840579,54605.86201522249,126.66897982249291,54479.1930354,,,
230,794,54607.877287468495,311.6331985057028,54296.24408896279,54607.877287468495,126.66897982249291,54481.208307646004,,,
231,795,54609.89002637348,315.4382175968281,54294.451808776656,54609.89002637348,126.66897982249291,54483.22104655099,,,
232,796,54611.900238298644,319.12575420720987,54292.77448409143,54611.900238298644,126.66897982249291,54485.23125847615,,,
233,797,54613.907929581226,322.69475210483455,54291.21317747639,54613.907929581226,126.66897982249291,54487.238949758736,,,
234,798,54615.91310653469,326.1441890110839,54289.7689175236,54615.91310653469,126.66897982249291,54489.2441267122,,,
235,799,54617.91577544877,329.47307689354767,54288.44269855522,54617.91577544877,126.66897982249291,54491.24679562628,,,
236,800,54619.91594258968,332.6804622490278,54287.23548034065,54619.91594258968,126.66897982249291,54493.24696276719,,,
237,801,54621.91361420012,335.76542637665545,54286.14818782347,54621.91361420012,126.66897982249291,54495.24463437763,,,
238,802,54623.908796499505,338.7270856410359,54285.18171085847,54623.908796499505,126.66897982249291,54497.239816677014,,,
239,803,54625.901495684,341.56459172534977,54284.33690395865,54625.901495684,126.66897982249291,54499.232515861506,,,
240,804,54627.891717926665,344.27713187434136,54283.614586052325,54627.891717926665,126.66897982249291,54501.222738104174,,,
241,805,54629.879469377585,346.863929127117,54283.01554025047,54629.879469377585,126.66897982249291,54503.210489555095,,,
242,806,54631.86475616395,349.32424253969174,54282.54051362426,54631.86475616395,126.66897982249291,54505.19577634146,,,
243,807,54633.847584390205,351.65736739722166,54282.19021699298,54633.847584390205,126.66897982249291,54507.178604567715,,,
244,808,54635.82796013812,353.8626354158568,54281.96532472227,54635.82796013812,126.66897982249291,54509.15898031563,,,
245,809,54637.80588946695,355.9394149341587,54281.86647453279,54637.80588946695,126.66897982249291,54511.13690964446,,,
246,810,54639.78137841351,357.8871110940308,54281.894267319476,54639.78137841351,126.66897982249291,54513.112398591016,,,
247,811,54641.7544329923,359.7051660111037,54282.049266981194,54641.7544329923,126.66897982249291,54515.085453169806,,,
248,812,54643.7250591956,361.3930589345331,54282.33200026107,54643.7250591956,126.66897982249291,54517.05607937311,,,
249,813,54645.69326299363,362.9503063961592,54282.74295659747,54645.69326299363,126.66897982249291,54519.02428317114,,,
250,814,54647.659050334565,364.3764623489875,54283.28258798558,54647.659050334565,126.66897982249291,54520.990070512074,,,
251,815,54649.62242714474,365.6711182949526,54283.95130884979,54649.62242714474,126.66897982249291,54522.95344732225,,,
252,816,54651.583399328716,366.8339034019246,54284.74949592679,54651.583399328716,126.66897982249291,54524.914419506225,,,
253,817,54653.54197276935,367.8644846099276,54285.677488159425,54653.54197276935,126.66897982249291,54526.87299294686,,,
254,818,54655.49815332798,368.7625667265396,54286.73558660144,54655.49815332798,126.66897982249291,54528.82917350549,,,
255,819,54657.45194684445,369.52789251144503,54287.924054333,54657.45194684445,126.66897982249291,54530.78296702196,,,
256,820,54659.40335913728,370.16024275011665,54289.24311638716,54659.40335913728,126.66897982249291,54532.73437931479,,,
257,821,54661.35239600372,370.6594363166063,54290.69295968711,54661.35239600372,126.66897982249291,54534.68341618123,,,
258,822,54663.29906321989,371.025330225425,54292.273732994465,54663.29906321989,126.66897982249291,54536.6300833974,,,
259,823,54665.243366540875,371.25781967249867,54293.985546868375,54665.243366540875,126.66897982249291,54538.574386718385,,,
260,824,54667.185311700785,371.3568380651878,54295.8284736356,54667.185311700785,126.66897982249291,54540.516331878294,,,
261,825,54669.12490441292,371.32235704136133,54297.80254737156,54669.12490441292,126.66897982249291,54542.45592459043,,,
262,826,54671.06215036985,371.15438647752086,54299.907763892326,54671.06215036985,126.66897982249291,54544.39317054736,,,
263,827,54672.997055243475,370.85297448597163,54302.144080757505,54672.997055243475,126.66897982249291,54546.328075420985,,,
264,828,54674.92962468518,370.4182074010414,54304.51141728414,54674.92962468518,126.66897982249291,54548.26064486269,,,
265,829,54676.85986432592,369.8502097543516,54307.009654571564,54676.85986432592,126.66897982249291,54550.19088450343,,,
266,830,54678.78777977627,369.1491442391473,54309.63863553712,54678.78777977627,126.66897982249291,54552.11879995378,,,
267,831,54680.713376626605,368.31521166369663,54312.398164962906,54680.713376626605,126.66897982249291,54554.044396804115,,,
268,832,54682.63666044714,367.3486508937726,54315.28800955337,54682.63666044714,126.66897982249291,54555.96768062465,,,
269,833,54684.55763678803,366.24973878423356,54318.3078980038,54684.55763678803,126.66897982249291,54557.88865696554,,,
270,834,54686.47631117948,365.0187900997242,54321.457521079756,54686.47631117948,126.66897982249291,54559.80733135699,,,
271,835,54688.39268913186,363.656157424515,54324.73653170735,54688.39268913186,126.66897982249291,54561.72370930937,,,
272,836,54690.30677613575,362.1622310615114,54328.14454507424,54690.30677613575,126.66897982249291,54563.63779631326,,,
273,837,54692.21857766208,360.53743892045827,54331.681138741624,54692.21857766208,126.66897982249291,54565.54959783959,,,
274,838,54694.1280991622,358.7822463953715,54335.345852766826,54694.1280991622,126.66897982249291,54567.45911933971,,,
275,839,54696.035346067976,356.89715623123533,54339.13818983674,54696.035346067976,126.66897982249291,54569.366366245486,,,
276,840,54697.94032379188,354.8827083799982,54343.05761541188,54697.94032379188,126.66897982249291,54571.27134396939,,,
277,841,54699.843037727114,352.73947984591297,54347.1035578812,54699.843037727114,126.66897982249291,54573.17405790462,,,
278,842,54701.743493247646,350.4680845202652,54351.27540872738,54701.743493247646,126.66897982249291,54575.074513425156,,,
279,843,54703.64169570835,348.0691730055328,54355.572522702816,54703.64169570835,126.66897982249291,54576.97271588586,,,
280,844,54705.53765044507,345.54343242903224,54359.994218016036,54705.53765044507,126.66897982249291,54578.86867062258,,,
281,845,54707.43136277472,342.8915862461044,54364.53977652861,54707.43136277472,126.66897982249291,54580.76238295223,,,
282,846,54709.322837995365,340.11439403289063,54369.208443962474,54709.322837995365,126.66897982249291,54582.653858172875,,,
283,847,54711.21208138632,337.21265126876636,54373.999430117554,54711.21208138632,126.66897982249291,54584.54310156383,,,
284,848,54713.099098208244,334.1871891084907,54378.911909099756,54713.099098208244,126.66897982249291,54586.43011838575,,,
285,849,54714.9838937032,331.03887414413384,54383.94501955906,54714.9838937032,126.66897982249291,54588.314913880706,,,
286,850,54716.866473094764,327.768608156858,54389.0978649379,54716.866473094764,126.66897982249291,54590.19749327227,,,
287,851,54718.74684158813,324.37732785861846,54394.369513729514,54718.74684158813,126.66897982249291,54592.07786176564,,,
288,852,54720.62500437014,320.86600462385576,54399.75899974628,54720.62500437014,126.66897982249291,54593.956024547646,,,
289,853,54722.50096660943,317.2356442112653,54405.26532239816,54722.50096660943,126.66897982249291,54595.831986786936,,,
290,854,54724.37473345648,313.4872864757121,54410.88744698077,54724.37473345648,126.66897982249291,54597.70575363399,,,
291,855,54726.246310043716,309.622005070383,54416.62430497333,54726.246310043716,126.66897982249291,54599.577330221226,,,
292,856,54728.11570148558,305.6409071392586,54422.47479434632,54728.11570148558,126.66897982249291,54601.44672166309,,,
293,857,54729.98291287862,301.54513299998825,54428.43777987864,54729.98291287862,126.66897982249291,54603.31393305613,,,
294,858,54731.84794930158,297.33585581726635,54434.51209348431,54731.84794930158,126.66897982249291,54605.178969479086,,,
295,859,54733.71081581546,293.01428126680094,54440.69653454866,54733.71081581546,126.66897982249291,54607.04183599297,,,
296,860,54735.57151746365,288.58164718996596,54446.98987027368,54735.57151746365,126.66897982249291,54608.90253764116,,,
297,861,54737.43005927195,284.03922323924365,54453.39083603271,54737.43005927195,126.66897982249291,54610.76107944946,,,
298,862,54739.28644624868,279.38831051455577,54459.898135734125,54739.28644624868,126.66897982249291,54612.61746642619,,,
299,863,54741.14068338478,274.6302411905829,54466.510442194194,54741.14068338478,126.66897982249291,54614.47170356229,,,
300,864,54742.99277565384,269.7663781351873,54473.22639751865,54742.99277565384,126.66897982249291,54616.32379583135,,,
301,865,54744.842728012234,264.79811451904385,54480.04461349319,54744.842728012234,126.66897982249291,54618.17374818974,,,
302,866,54746.69054539917,259.7268734165865,54486.96367198259,54746.69054539917,126.66897982249291,54620.02156557668,,,
303,867,54748.53623273678,254.55410739839732,54493.98212533838,54748.53623273678,126.66897982249291,54621.867252914286,,,
304,868,54750.379794930166,249.2812981151386,54501.09849681503,54750.379794930166,126.66897982249291,54623.710815107675,,,
305,869,54752.221236867554,243.90995587316053,54508.31128099439,54752.221236867554,126.66897982249291,54625.55225704506,,,
306,870,54754.06056342028,238.44161920190186,54515.618944218375,54754.06056342028,126.66897982249291,54627.39158359779,,,
307,871,54755.897779442945,232.87785441320062,54523.019925029745,54755.897779442945,126.66897982249291,54629.228799620454,,,
308,872,54757.732889773426,227.22025515265278,54530.512634620776,54757.732889773426,126.66897982249291,54631.063909950935,,,
309,873,54759.565899233006,221.47044194314094,54538.09545728986,54759.565899233006,126.66897982249291,54632.896919410516,,,
310,874,54761.39681262642,215.63006172066036,54545.766750905765,54761.39681262642,126.66897982249291,54634.72783280393,,,
311,875,54763.22563474195,209.70078736258318,54553.52484737937,54763.22563474195,126.66897982249291,54636.55665491946,,,
312,876,54765.05237035148,203.6843172084936,54561.368053142985,54765.05237035148,126.66897982249291,54638.38339052899,,,
313,877,54766.87702421057,197.5823745737237,54569.294649636846,54766.87702421057,126.66897982249291,54640.20804438808,,,
314,878,54768.69960105856,191.39670725574058,54577.302893802815,54768.69960105856,126.66897982249291,54642.03062123607,,,
315,879,54770.520105618605,185.129087033522,54585.391018585084,54770.520105618605,126.66897982249291,54643.851125796115,,,
316,880,54772.3385425978,178.7813091600558,54593.55723343774,54772.3385425978,126.66897982249291,54645.66956277531,,,
317,881,54774.15491668717,172.3551918481253,54601.799724839046,54774.15491668717,126.66897982249291,54647.48593686468,,,
318,882,54775.96923256184,165.85257574950884,54610.11665681233,54775.96923256184,126.66897982249291,54649.30025273935,,,
319,883,54777.781494881034,159.27532342775845,54618.50617145328,54777.781494881034,126.66897982249291,54651.11251505854,,,
320,884,54779.59170828818,152.62531882470222,54626.96638946348,54779.59170828818,126.66897982249291,54652.92272846569,,,
321,885,54781.39987741098,145.90446672081708,54635.495410690164,54781.39987741098,126.66897982249291,54654.73089758849,,,
322,886,54783.20600686146,139.11469218963913,54644.09131467182,54783.20600686146,126.66897982249291,54656.53702703897,,,
323,887,54785.01010123607,132.25794004636123,54652.75216118971,54785.01010123607,126.66897982249291,54658.34112141358,,,
324,888,54786.81216511574,125.33617429076959,54661.47599082497,54786.81216511574,126.66897982249291,54660.14318529325,,,
325,889,54788.61220306595,118.35137754469137,54670.26082552126,54788.61220306595,126.66897982249291,54661.94322324346,,,
326,890,54790.41021963679,111.30555048410902,54679.10466915268,54790.41021963679,126.66897982249291,54663.7412398143,,,
327,891,54792.20621936304,104.20071126609623,54688.00550809695,54792.20621936304,126.66897982249291,54665.53723954055,,,
328,892,54794.00020676425,97.03889495075332,54696.961311813495,54794.00020676425,126.66897982249291,54667.33122694176,,,
329,893,54795.79218634478,89.82215291830126,54705.97003342648,54795.79218634478,126.66897982249291,54669.12320652229,,,
330,894,54797.582162593884,82.55255228149359,54715.02961031239,54797.582162593884,126.66897982249291,54670.91318277139,,,
331,895,54799.3701399858,75.23217529353316,54724.137964692265,54799.3701399858,126.66897982249291,54672.701160163306,,,
332,896,54801.15612297976,67.86311875164095,54733.293004228115,54801.15612297976,126.66897982249291,54674.48714315727,,,
333,897,54802.94011602011,60.44749339646641,54742.49262262364,54802.94011602011,126.66897982249291,54676.27113619762,,,
334,898,54804.722123536354,52.987423307504244,54751.73470022885,54804.722123536354,126.66897982249291,54678.05314371386,,,
335,899,54806.50214994323,45.485045294683246,54761.01710464855,54806.50214994323,126.66897982249291,54679.83317012074,,,
336,900,54808.28019964074,37.94250828631594,54770.33769135443,54808.28019964074,126.66897982249291,54681.61121981825,,,
337,901,54810.056277014286,30.361972713577018,54779.69430430071,54810.056277014286,126.66897982249291,54683.387297191795,,,
338,902,54811.83038643466,22.745609891679976,54789.08477654298,54811.83038643466,126.66897982249291,54685.16140661217,,,
339,903,54813.602532258155,15.095601397943128,54798.50693086021,54813.602532258155,126.66897982249291,54686.933552435665,,,
340,904,54815.3727188266,7.414138446916468,54807.95858037968,54815.3727188266,126.66897982249291,54688.70373900411,,,
341,905,54817.14095046747,-0.29657873725921036,54817.437529204726,54817.14095046747,126.66897982249291,54690.471970644976,,,
342,906,54818.907231493875,-8.034341551066646,54826.94157304494,54818.907231493875,126.66897982249291,54692.238251671384,,,
343,907,54820.67156620472,-15.796933644226513,54836.46849984895,54820.67156620472,126.66897982249291,54694.00258638223,,,
344,908,54822.43395888466,-23.582131554538833,54846.0160904392,54822.43395888466,126.66897982249291,54695.76497906217,,,
345,909,54824.19441380426,-31.387705344749335,54855.58211914901,54824.19441380426,126.66897982249291,54697.52543398177,,,
346,910,54825.95293521998,-39.21141924128267,54865.16435446127,54825.95293521998,126.66897982249291,54699.28395539749,,,
347,911,54827.70952737431,-47.05103227463923,54874.76055964895,54827.70952737431,126.66897982249291,54701.04054755182,,,
348,912,54829.46419449575,-54.904298921280166,54884.36849341703,54829.46419449575,126.66897982249291,54702.79521467326,,,
349,913,54831.21694079894,-62.76896974682429,54893.985910545765,54831.21694079894,126.66897982249291,54704.54796097645,,,
350,914,54832.96777048468,-70.64279205035773,54903.61056253504,54832.96777048468,126.66897982249291,54706.29879066219,,,
351,915,54834.71668774003,-78.52351050967924,54913.24019824971,54834.71668774003,126.66897982249291,54708.04770791754,,,
352,916,54836.463696738305,-86.40886782730378,54922.87256456561,54836.463696738305,126.66897982249291,54709.794716915814,,,
353,917,54838.2088016392,-94.29660537702439,54932.50540701622,54838.2088016392,126.66897982249291,54711.53982181671,,,
354,918,54839.95200658882,-102.18446385085474,54942.13647043968,54839.95200658882,126.66897982249291,54713.28302676633,,,
355,919,54841.69331571975,-110.0701839061743,54951.76349962592,54841.69331571975,126.66897982249291,54715.02433589726,,,
356,920,54843.43273315109,-117.9515068128761,54961.38423996396,54843.43273315109,126.66897982249291,54716.763753328596,,,
357,921,54845.170262988526,-125.82617510033896,54970.99643808886,54845.170262988526,126.66897982249291,54718.501283166035,,,
358,922,54846.905909324414,-133.69193320404725,54980.59784252846,54846.905909324414,126.66897982249291,54720.23692950192,,,
359,923,54848.639676237806,-141.54652811165235,54990.18620434946,54848.639676237806,126.66897982249291,54721.970696415316,,,
360,924,54850.37156779452,-149.3877100083153,54999.759277802834,54850.37156779452,126.66897982249291,54723.70258797203,,,
361,925,54852.10158804719,-157.21323292112567,55009.31482096831,54852.10158804719,126.66897982249291,54725.4326082247,,,
362,926,54853.829741035326,-165.0208553624194,55018.850596397744,54853.829741035326,126.66897982249291,54727.160761212835,,,
363,927,54855.55603078538,-172.80834097182003,55028.3643717572,54855.55603078538,126.66897982249291,54728.88705096289,,,
364,928,54857.28046131079,-180.5734591568033,55037.85392046759,54857.28046131079,126.66897982249291,54730.6114814883,,,
365,929,54859.00303661203,-188.31398573161,55047.31702234365,54859.00303661203,126.66897982249291,54732.33405678954,,,
366,930,54860.7237606767,-196.02770355433105,55056.751464231034,54860.7237606767,126.66897982249291,54734.05478085421,,,
367,931,54862.442637479544,-203.71240316196736,55066.15504064151,54862.442637479544,126.66897982249291,54735.77365765705,,,
368,932,54864.15967098251,-211.3658834032907,55075.5255543858,54864.15967098251,126.66897982249291,54737.49069116002,,,
369,933,54865.87486513482,-218.98595206933047,55084.86081720415,54865.87486513482,126.66897982249291,54739.20588531233,,,
370,934,54867.588223873034,-226.57042652129246,55094.158650394325,54867.588223873034,126.66897982249291,54740.91924405054,,,
371,935,54869.29975112106,-234.117134315736,55103.416885436796,54869.29975112106,126.66897982249291,54742.63077129857,,,
372,936,54871.00945079027,-241.6239138268382,55112.633364617104,54871.00945079027,126.66897982249291,54744.34047096778,,,
373,937,54872.71732677947,-249.08861486555156,55121.80594164502,54872.71732677947,126.66897982249291,54746.04834695698,,,
374,938,54874.42338297506,-256.5090992954899,55130.932482270546,54874.42338297506,126.66897982249291,54747.75440315257,,,
